date,venue,match_category,team_1,team_2,team_1_runs,team_1_wickets,team_2_runs,team_2_wickets,pom,world_cup_year,host_country,match_status,winning_team,bowler_one,bowler_one_wicket,bowler_two,bowler_two_wicket,batter_one,batter_one_score,batter_two,batter_two_score
NA, Nottingham,League-Match,PAK,SL,330.0,6.0,138.0,0.0,Zaheer Abbas,1975,England,played,Pakistan,NA,0,NA,0,NA,0,NA,0
NA, Leeds,League-Match,EAf,IND,120.0,0.0,123.0,0.0,Farokh Engineer,1975,England,played,India,NA,0,NA,0,NA,0,NA,0
1975-06-18, Leeds,Semi-Final,ENG,AUS,93.0,0.0,94.0,6.0,Gary Gilmour,1975,England,played,Australia,NA,0,NA,0,NA,0,NA,0
1975-06-14, Birmingham,League-Match,ENG,EAf,290.0,5.0,94.0,0.0,John Snow,1975,England,played,England,NA,0,NA,0,NA,0,NA,0
NA, The Oval,Semi-Final,NZ,WI,158.0,0.0,159.0,5.0,Alvin Kallicharran,1975,England,played,West Indies,NA,0,NA,0,NA,0,NA,0
NA, Birmingham,League-Match,NZ,EAf,309.0,5.0,128.0,8.0,Glenn Turner,1975,England,played,New Zealand,NA,0,NA,0,NA,0,NA,0
NA, Birmingham,League-Match,PAK,WI,266.0,7.0,267.0,9.0,Sarfraz Nawaz,1975,England,played,West Indies,NA,0,NA,0,NA,0,NA,0
NA, Leeds,League-Match,AUS,PAK,278.0,7.0,205.0,0.0,Dennis Lillee,1975,England,played,Australia,NA,0,NA,0,NA,0,NA,0
NA, Nottingham,League-Match,PAK,SL,330.0,6.0,138.0,0.0,Zaheer Abbas,1975,England,played,Pakistan,NA,0,NA,0,NA,0,NA,0
1975-06-11, Nottingham,League-Match,ENG,NZ,266.0,6.0,186.0,0.0,Keith Fletcher,1975,England,played,England,NA,0,NA,0,NA,0,NA,0
NA, Manchester,League-Match,SL,WI,86.0,0.0,87.0,1.0,Bernard Julien,1975,England,played,West Indies,NA,0,NA,0,NA,0,NA,0
NA, The Oval,Semi-Final,NZ,WI,158.0,0.0,159.0,5.0,Alvin Kallicharran,1975,England,played,West Indies,NA,0,NA,0,NA,0,NA,0
1975-06-07, Lord's,League-Match,ENG,IND,334.0,4.0,132.0,3.0,Dennis Amiss,1975,England,played,England,NA,0,NA,0,NA,0,NA,0
NA, Manchester,League-Match,IND,NZ,230.0,0.0,233.0,6.0,Glenn Turner,1975,England,played,New Zealand,NA,0,NA,0,NA,0,NA,0
NA, The Oval,League-Match,AUS,SL,328.0,5.0,276.0,4.0,Alan Turner,1975,England,played,Australia,NA,0,NA,0,NA,0,NA,0
NA, The Oval,League-Match,AUS,WI,192.0,0.0,195.0,3.0,Alvin Kallicharran,1975,England,played,West Indies,NA,0,NA,0,NA,0,NA,0
1975-06-21, Lord's,Final,WI,AUS,291.0,8.0,274.0,0.0,Clive Lloyd,1975,England,played,West Indies,NA,0,NA,0,NA,0,NA,0
NA, Manchester,League-Match,CAN,ENG,45.0,0.0,46.0,2.0,Chris Old,1979,England,played,England,NA,0,NA,0,NA,0,NA,0
NA, Lord's,League-Match,AUS,ENG,159.0,9.0,160.0,4.0,Graham Gooch,1979,England,played,England,NA,0,NA,0,NA,0,NA,0
1979-06-16, Manchester,League-Match,SL,IND,238.0,5.0,191.0,0.0,Duleep Mendis,1979,England,played,Sri Lanka,NA,0,NA,0,NA,0,NA,0
NA, Nottingham,League-Match,PAK,AUS,286.0,7.0,197.0,0.0,Asif Iqbal,1979,England,played,Pakistan,NA,0,NA,0,NA,0,NA,0
NA, Birmingham,League-Match,CAN,AUS,105.0,0.0,106.0,3.0,Alan Hurst,1979,England,played,Australia,NA,0,NA,0,NA,0,NA,0
NA, Leeds,League-Match,ENG,PAK,165.0,9.0,151.0,0.0,Mike Hendrick,1979,England,played,England,NA,0,NA,0,NA,0,NA,0
NA, The Oval,Semi-Final,WI,PAK,293.0,6.0,250.0,0.0,Gordon Greenidge,1979,England,played,West Indies,NA,0,NA,0,NA,0,NA,0
NA, Manchester,League-Match,CAN,ENG,45.0,0.0,46.0,2.0,Chris Old,1979,England,played,England,NA,0,NA,0,NA,0,NA,0
1979-06-20, Manchester,Semi-Final,ENG,NZ,221.0,8.0,212.0,9.0,Graham Gooch,1979,England,played,England,NA,0,NA,0,NA,0,NA,0
NA, Nottingham,League-Match,SL,NZ,189.0,0.0,190.0,1.0,Geoff Howarth,1979,England,played,New Zealand,NA,0,NA,0,NA,0,NA,0
1979-06-13, Leeds,League-Match,IND,NZ,182.0,0.0,183.0,2.0,Bruce Edgar,1979,England,played,New Zealand,NA,0,NA,0,NA,0,NA,0
NA, The Oval,League-Match,SL,WI,NA,NA,NA,NA,NA,1979,England,played,NA,NA,0,NA,0,NA,0,NA,0
NA, The Oval,Semi-Final,WI,PAK,293.0,6.0,250.0,0.0,Gordon Greenidge,1979,England,played,West Indies,NA,0,NA,0,NA,0,NA,0
1979-06-23, Lord's,Final,WI,ENG,286.0,9.0,194.0,0.0,Viv Richards,1979,England,played,West Indies,NA,0,NA,0,NA,0,NA,0
1979-06-09, Birmingham,League-Match,IND,WI,190.0,0.0,194.0,1.0,Gordon Greenidge,1979,England,played,West Indies,NA,0,NA,0,NA,0,NA,0
NA, Leeds,League-Match,CAN,PAK,139.0,9.0,140.0,2.0,Sadiq Mohammad,1979,England,played,Pakistan,NA,0,NA,0,NA,0,NA,0
NA, Nottingham,League-Match,WI,NZ,244.0,7.0,212.0,9.0,Clive Lloyd,1979,England,played,West Indies,NA,0,NA,0,NA,0,NA,0
NA, Tunbridge Wells,League-Match,IND,ZIM,266.0,8.0,235.0,0.0,Kapil Dev,1983,England,played,India,NA,0,NA,0,NA,0,NA,0
NA, Nottingham,League-Match,ZIM,AUS,239.0,6.0,226.0,7.0,Duncan Fletcher,1983,England,played,Zimbabwe,NA,0,NA,0,NA,0,NA,0
NA, Birmingham,League-Match,ZIM,WI,171.0,0.0,172.0,0.0,Faoud Bacchus,1983,England,played,West Indies,NA,0,NA,0,NA,0,NA,0
NA, Chelmsford,League-Match,IND,AUS,247.0,0.0,129.0,0.0,Roger Binny,1983,England,played,India,NA,0,NA,0,NA,0,NA,0
NA, Bristol,League-Match,SL,NZ,206.0,0.0,209.0,5.0,Richard Hadlee,1983,England,played,New Zealand,NA,0,NA,0,NA,0,NA,0
NA, Worcester,League-Match,ZIM,WI,217.0,7.0,218.0,2.0,Gordon Greenidge,1983,England,played,West Indies,NA,0,NA,0,NA,0,NA,0
1983-06-09, The Oval,League-Match,ENG,NZ,322.0,6.0,216.0,0.0,Allan Lamb,1983,England,played,England,NA,0,NA,0,NA,0,NA,0
NA, Leicester,League-Match,ZIM,IND,155.0,0.0,157.0,5.0,Madan Lal,1983,England,played,India,NA,0,NA,0,NA,0,NA,0
1983-06-11, Taunton,League-Match,ENG,SL,333.0,9.0,286.0,0.0,David Gower,1983,England,played,England,NA,0,NA,0,NA,0,NA,0
NA, Derby,League-Match,NZ,SL,181.0,0.0,184.0,7.0,Ashantha de Mel,1983,England,played,Sri Lanka,NA,0,NA,0,NA,0,NA,0
1983-06-22, Manchester,Semi-Final,ENG,IND,213.0,0.0,217.0,4.0,Mohinder Amarnath,1983,England,played,India,NA,0,NA,0,NA,0,NA,0
NA, Southampton,League-Match,AUS,ZIM,272.0,7.0,240.0,0.0,Dave Houghton,1983,England,played,Australia,NA,0,NA,0,NA,0,NA,0
1983-06-13, Lord's,League-Match,PAK,ENG,193.0,8.0,199.0,2.0,Zaheer Abbas,1983,England,played,England,NA,0,NA,0,NA,0,NA,0
1983-06-11, Taunton,League-Match,ENG,SL,333.0,9.0,286.0,0.0,David Gower,1983,England,played,England,NA,0,NA,0,NA,0,NA,0
1983-06-15, Birmingham,League-Match,ENG,NZ,234.0,0.0,238.0,8.0,Jeremy Coney,1983,England,played,New Zealand,NA,0,NA,0,NA,0,NA,0
NA, The Oval,Semi-Final,PAK,WI,184.0,8.0,188.0,2.0,Viv Richards,1983,England,played,West Indies,NA,0,NA,0,NA,0,NA,0
NA, Swansea,League-Match,PAK,SL,338.0,5.0,288.0,9.0,Mohsin Khan,1983,England,played,Pakistan,NA,0,NA,0,NA,0,NA,0
NA, Nottingham,League-Match,PAK,NZ,261.0,3.0,250.0,0.0,Imran Khan,1983,England,played,Pakistan,NA,0,NA,0,NA,0,NA,0
NA, Leeds,League-Match,WI,AUS,252.0,9.0,151.0,0.0,Winston Davis,1983,England,played,West Indies,NA,0,NA,0,NA,0,NA,0
NA, The Oval,League-Match,WI,IND,282.0,9.0,216.0,0.0,Viv Richards,1983,England,played,West Indies,NA,0,NA,0,NA,0,NA,0
NA, Nottingham,League-Match,AUS,IND,320.0,9.0,158.0,0.0,Trevor Chappell,1983,England,played,Australia,NA,0,NA,0,NA,0,NA,0
NA, Lord's,League-Match,AUS,WI,273.0,6.0,276.0,3.0,Viv Richards,1983,England,played,West Indies,NA,0,NA,0,NA,0,NA,0
NA, Manchester,League-Match,IND,WI,262.0,8.0,228.0,0.0,Yashpal Sharma,1983,England,played,India,NA,0,NA,0,NA,0,NA,0
1983-06-20, Leeds,League-Match,SL,ENG,136.0,0.0,137.0,1.0,Bob Willis,1983,England,played,England,NA,0,NA,0,NA,0,NA,0
NA, Birmingham,League-Match,NZ,PAK,238.0,9.0,186.0,0.0,Abdul Qadir,1983,England,played,New Zealand,NA,0,NA,0,NA,0,NA,0
NA, Bristol,League-Match,SL,NZ,206.0,0.0,209.0,5.0,Richard Hadlee,1983,England,played,New Zealand,NA,0,NA,0,NA,0,NA,0
1983-06-18, Manchester,League-Match,PAK,ENG,232.0,8.0,233.0,3.0,Graeme Fowler,1983,England,played,England,NA,0,NA,0,NA,0,NA,0
1983-06-25, Lord's,Final,IND,WI,183.0,0.0,140.0,0.0,Mohinder Amarnath,1983,England,played,India,NA,0,NA,0,NA,0,NA,0
1983-06-16, Leeds,League-Match,PAK,SL,235.0,7.0,224.0,0.0,Abdul Qadir,1983,England,played,Pakistan,NA,0,NA,0,NA,0,NA,0
NA, Pune,League-Match,SL,ENG,218.0,7.0,219.0,2.0,Graham Gooch,1987,India,played,England,NA,0,NA,0,NA,0,NA,0
1987-11-04, Lahore,Semi-Final,AUS,PAK,267.0,8.0,249.0,0.0,Craig McDermott,1987,Pakistan,played,Australia,NA,0,NA,0,NA,0,NA,0
1987-11-05, Wankhede,Semi-Final,ENG,IND,254.0,6.0,219.0,0.0,Graham Gooch,1987,India,played,England,NA,0,NA,0,NA,0,NA,0
NA, Karachi,League-Match,WI,PAK,258.0,7.0,230.0,9.0,Richie Richardson,1987,Pakistan,played,West Indies,NA,0,NA,0,NA,0,NA,0
1987-11-05, Wankhede,Semi-Final,ENG,IND,254.0,6.0,219.0,0.0,Graham Gooch,1987,India,played,England,NA,0,NA,0,NA,0,NA,0
1987-10-30, Cuttack,League-Match,AUS,ZIM,266.0,5.0,196.0,6.0,David Boon,1987,India,played,Australia,NA,0,NA,0,NA,0,NA,0
NA, Karachi,League-Match,WI,PAK,258.0,7.0,230.0,9.0,Richie Richardson,1987,Pakistan,played,West Indies,NA,0,NA,0,NA,0,NA,0
1987-10-14, Bengaluru,League-Match,IND,NZ,252.0,7.0,236.0,8.0,Kapil Dev,1987,India,played,India,NA,0,NA,0,NA,0,NA,0
1987-10-31, Nagpur,League-Match,NZ,IND,221.0,9.0,224.0,1.0,Sunil Gavaskar,1987,India,played,India,NA,0,NA,0,NA,0,NA,0
1987-10-10, Hyderabad (Deccan),League-Match,NZ,ZIM,242.0,7.0,239.0,0.0,Dave Houghton,1987,India,played,New Zealand,NA,0,NA,0,NA,0,NA,0
1987-10-27, Chandigarh,League-Match,AUS,NZ,251.0,8.0,234.0,0.0,Geoff Marsh,1987,India,played,Australia,NA,0,NA,0,NA,0,NA,0
1987-10-08, Hyderabad (Sind),League-Match,PAK,SL,267.0,6.0,252.0,0.0,Javed Miandad,1987,Pakistan,played,Pakistan,NA,0,NA,0,NA,0,NA,0
1987-10-23, Eden Gardens,League-Match,ZIM,NZ,227.0,5.0,228.0,6.0,Jeff Crowe,1987,India,played,New Zealand,NA,0,NA,0,NA,0,NA,0
1987-10-13, Chennai,League-Match,AUS,ZIM,235.0,9.0,139.0,0.0,Steve Waugh,1987,India,played,Australia,NA,0,NA,0,NA,0,NA,0
NA, Peshawar,League-Match,ENG,SL,296.0,4.0,158.0,8.0,Allan Lamb,1987,Pakistan,played,England,NA,0,NA,0,NA,0,NA,0
1987-10-25, Faisalabad,League-Match,PAK,SL,297.0,7.0,184.0,8.0,Saleem Malik,1987,Pakistan,played,Pakistan,NA,0,NA,0,NA,0,NA,0
NA, Gujranwala,League-Match,WI,ENG,243.0,7.0,246.0,8.0,Allan Lamb,1987,Pakistan,played,England,NA,0,NA,0,NA,0,NA,0
NA, Ahmedabad,League-Match,ZIM,IND,191.0,7.0,194.0,3.0,Kapil Dev,1987,India,played,India,NA,0,NA,0,NA,0,NA,0
1987-10-21, Kanpur,League-Match,WI,SL,236.0,8.0,211.0,8.0,Phil Simmons,1987,India,played,West Indies,NA,0,NA,0,NA,0,NA,0
1987-10-20, Karachi,League-Match,ENG,PAK,244.0,9.0,247.0,3.0,Imran Khan,1987,Pakistan,played,Pakistan,NA,0,NA,0,NA,0,NA,0
1987-10-18, Indore,League-Match,AUS,NZ,199.0,4.0,196.0,9.0,David Boon,1987,India,played,Australia,NA,0,NA,0,NA,0,NA,0
NA, Karachi,League-Match,WI,SL,360.0,4.0,169.0,4.0,Viv Richards,1987,Pakistan,played,West Indies,NA,0,NA,0,NA,0,NA,0
1987-10-26, Jaipur,League-Match,ENG,WI,269.0,5.0,235.0,0.0,Graham Gooch,1987,India,played,England,NA,0,NA,0,NA,0,NA,0
1987-10-09, Chennai,League-Match,AUS,IND,270.0,6.0,269.0,0.0,Geoff Marsh,1987,India,played,Australia,NA,0,NA,0,NA,0,NA,0
1987-10-16, Lahore,League-Match,WI,PAK,216.0,0.0,217.0,9.0,Saleem Yousuf,1987,Pakistan,played,Pakistan,NA,0,NA,0,NA,0,NA,0
1987-10-22, Delhi,League-Match,IND,AUS,289.0,6.0,233.0,0.0,Mohammad Azharuddin,1987,India,played,India,NA,0,NA,0,NA,0,NA,0
1987-10-12, Rawalpindi,League-Match,PAK,ENG,239.0,7.0,221.0,0.0,Abdul Qadir,1987,Pakistan,played,Pakistan,NA,0,NA,0,NA,0,NA,0
1987-11-08, Eden Gardens,Final,AUS,ENG,253.0,5.0,246.0,8.0,David Boon,1987,India,played,Australia,NA,0,NA,0,NA,0,NA,0
1987-10-17, Wankhede,League-Match,ZIM,IND,135.0,0.0,136.0,2.0,Manoj Prabhakar,1987,India,played,India,NA,0,NA,0,NA,0,NA,0
1992-03-08, Auckland,League-Match,WI,NZ,203.0,7.0,206.0,5.0,Martin Crowe,1992,New Zealand,played,New Zealand,NA,0,NA,0,NA,0,NA,0
NA, Brisbane,League-Match,SA,PAK,211.0,7.0,173.0,8.0,Andrew Hudson,1992,Australia,played,South Africa,NA,0,NA,0,NA,0,NA,0
1992-03-04, Sydney,League-Match,IND,PAK,216.0,7.0,173.0,0.0,Sachin Tendulkar,1992,Australia,played,India,NA,0,NA,0,NA,0,NA,0
1992-02-26, Sydney,League-Match,AUS,SA,170.0,9.0,171.0,1.0,Kepler Wessels,1992,Australia,played,South Africa,NA,0,NA,0,NA,0,NA,0
1992-03-10, Wellington,League-Match,IND,WI,197.0,0.0,195.0,5.0,Anderson Cummins,1992,New Zealand,played,West Indies,NA,0,NA,0,NA,0,NA,0
1992-03-01, Brisbane,League-Match,AUS,IND,237.0,9.0,234.0,0.0,Dean Jones,1992,Australia,played,Australia,NA,0,NA,0,NA,0,NA,0
1992-02-28, Mackay,League-Match,IND,SL,1.0,0.0,NA,NA,NA,1992,New Zealand,abandoned,NA,NA,0,NA,0,NA,0,NA,0
NA, Perth,League-Match,ENG,IND,236.0,9.0,227.0,0.0,Ian Botham,1992,Australia,played,England,NA,0,NA,0,NA,0,NA,0
NA, Perth,League-Match,SL,PAK,212.0,6.0,216.0,6.0,Javed Miandad,1992,Australia,played,Pakistan,NA,0,NA,0,NA,0,NA,0
1992-03-05, Christchurch,League-Match,SA,WI,200.0,8.0,136.0,0.0,Meyrick Pringle,1992,New Zealand,played,South Africa,NA,0,NA,0,NA,0,NA,0
NA, Melbourne,League-Match,WI,ENG,157.0,0.0,160.0,4.0,Chris Lewis,1992,Australia,played,England,NA,0,NA,0,NA,0,NA,0
1992-03-03, Napier,League-Match,NZ,ZIM,162.0,3.0,105.0,7.0,Martin Crowe,1992,New Zealand,played,New Zealand,NA,0,NA,0,NA,0,NA,0
1992-02-26, Sydney,League-Match,AUS,SA,170.0,9.0,171.0,1.0,Kepler Wessels,1992,Australia,played,South Africa,NA,0,NA,0,NA,0,NA,0
1992-03-12, Dunedin,League-Match,IND,NZ,230.0,6.0,231.0,6.0,Mark Greatbatch,1992,New Zealand,played,New Zealand,NA,0,NA,0,NA,0,NA,0
NA, Albury,League-Match,ZIM,ENG,134.0,0.0,125.0,0.0,Eddo Brandes,1992,New Zealand,played,Zimbabwe,NA,0,NA,0,NA,0,NA,0
NA, Adelaide,League-Match,IND,SA,180.0,6.0,181.0,4.0,Peter Kirsten,1992,Australia,played,South Africa,NA,0,NA,0,NA,0,NA,0
1992-03-12, Dunedin,League-Match,IND,NZ,230.0,6.0,231.0,6.0,Mark Greatbatch,1992,New Zealand,played,New Zealand,NA,0,NA,0,NA,0,NA,0
1992-03-09, Ballarat,League-Match,ENG,SL,280.0,6.0,174.0,0.0,Chris Lewis,1992,New Zealand,played,England,NA,0,NA,0,NA,0,NA,0
1992-03-25, Melbourne,Final,PAK,ENG,249.0,6.0,227.0,0.0,Wasim Akram,1992,Australia,played,Pakistan,NA,0,NA,0,NA,0,NA,0
1992-03-14, Hobart,League-Match,AUS,ZIM,265.0,6.0,137.0,0.0,Steve Waugh,1992,Australia,played,Australia,NA,0,NA,0,NA,0,NA,0
1992-02-22, Auckland,League-Match,NZ,AUS,248.0,6.0,211.0,0.0,Martin Crowe,1992,New Zealand,played,New Zealand,NA,0,NA,0,NA,0,NA,0
NA, Canberra,League-Match,ZIM,SA,163.0,0.0,164.0,3.0,Peter Kirsten,1992,Australia,played,South Africa,NA,0,NA,0,NA,0,NA,0
NA, Melbourne,League-Match,AUS,WI,216.0,6.0,159.0,0.0,David Boon,1992,Australia,played,Australia,NA,0,NA,0,NA,0,NA,0
NA, Sydney,League-Match,AUS,ENG,171.0,0.0,173.0,2.0,Ian Botham,1992,Australia,played,England,NA,0,NA,0,NA,0,NA,0
NA, Adelaide,League-Match,SL,AUS,189.0,9.0,190.0,3.0,Tom Moody,1992,Australia,played,Australia,NA,0,NA,0,NA,0,NA,0
1992-03-11, Perth,League-Match,PAK,AUS,220.0,9.0,172.0,0.0,Aamer Sohail,1992,Australia,played,Pakistan,NA,0,NA,0,NA,0,NA,0
NA, Melbourne,League-Match,SA,ENG,236.0,4.0,226.0,7.0,Alec Stewart,1992,Australia,played,England,NA,0,NA,0,NA,0,NA,0
NA, Adelaide,League-Match,PAK,ENG,74.0,0.0,24.0,1.0,NA,1992,Australia,abandoned,NA,NA,0,NA,0,NA,0,NA,0
1992-03-22, Sydney,Semi-Final,ENG,SA,252.0,6.0,232.0,6.0,Graeme Hick,1992,Australia,played,England,NA,0,NA,0,NA,0,NA,0
NA, Brisbane,League-Match,WI,ZIM,264.0,8.0,189.0,7.0,Brian Lara,1992,Australia,played,West Indies,NA,0,NA,0,NA,0,NA,0
1992-02-27, Hobart,League-Match,PAK,ZIM,254.0,4.0,201.0,7.0,Aamer Sohail,1992,Australia,played,Pakistan,NA,0,NA,0,NA,0,NA,0
1992-03-18, Christchurch,League-Match,NZ,PAK,166.0,0.0,167.0,3.0,Mushtaq Ahmed,1992,New Zealand,played,Pakistan,NA,0,NA,0,NA,0,NA,0
NA, Melbourne,League-Match,PAK,WI,220.0,2.0,221.0,0.0,Brian Lara,1992,Australia,played,West Indies,NA,0,NA,0,NA,0,NA,0
1992-03-02, Wellington,League-Match,SA,SL,195.0,0.0,198.0,7.0,Arjuna Ranatunga,1992,New Zealand,played,Sri Lanka,NA,0,NA,0,NA,0,NA,0
1992-03-15, Wellington,League-Match,ENG,NZ,200.0,8.0,201.0,3.0,Andrew Jones,1992,New Zealand,played,New Zealand,NA,0,NA,0,NA,0,NA,0
1992-03-07, Hamilton,League-Match,IND,ZIM,203.0,7.0,104.0,1.0,Sachin Tendulkar,1992,New Zealand,played,India,NA,0,NA,0,NA,0,NA,0
1992-03-13, Berri,League-Match,WI,SL,268.0,8.0,177.0,9.0,Phil Simmons,1992,New Zealand,played,West Indies,NA,0,NA,0,NA,0,NA,0
1992-02-25, Hamilton,League-Match,SL,NZ,206.0,9.0,210.0,4.0,Ken Rutherford,1992,New Zealand,played,New Zealand,NA,0,NA,0,NA,0,NA,0
1992-02-29, Auckland,League-Match,SA,NZ,190.0,7.0,191.0,3.0,Mark Greatbatch,1992,New Zealand,played,New Zealand,NA,0,NA,0,NA,0,NA,0
1992-02-23, New Plymouth,League-Match,ZIM,SL,312.0,4.0,313.0,7.0,Andy Flower,1992,New Zealand,played,Sri Lanka,NA,0,NA,0,NA,0,NA,0
1992-03-21, Auckland,Semi-Final,NZ,PAK,262.0,7.0,264.0,6.0,Inzamam-ul-Haq,1992,New Zealand,played,Pakistan,NA,0,NA,0,NA,0,NA,0
1996-02-23, Visakhapatnam,League-Match,AUS,KENYA,304.0,7.0,207.0,7.0,Mark Waugh,1996,India,played,Australia,NA,0,NA,0,NA,0,NA,0
1996-02-16, Rawalpindi,League-Match,SA,UAE,321.0,2.0,152.0,8.0,Gary Kirsten,1996,Pakistan,played,South Africa,NA,0,NA,0,NA,0,NA,0
1996-03-14, Mohali,Semi-Final,Australia,West Indies,207.0,8.0,202.0,0.0,Shane Warne,1996,India,played,Australia,NA,0,NA,0,NA,0,NA,0
1996-03-11, Karachi,League-Match,WI,SA,264.0,8.0,245.0,0.0,Brian Lara,1996,Pakistan,played,West Indies,NA,0,NA,0,NA,0,NA,0
NA, Faisalabad,League-Match,NZ,UAE,276.0,8.0,167.0,9.0,Roger Twose,1996,Pakistan,played,New Zealand,NA,0,NA,0,NA,0,NA,0
1996-02-17, Vadodara,League-Match,NZ,NED,307.0,8.0,188.0,7.0,Craig Spearman,1996,India,played,New Zealand,NA,0,NA,0,NA,0,NA,0
1996-03-04, Jaipur,League-Match,AUS,WI,229.0,6.0,232.0,6.0,Richie Richardson,1996,India,played,West Indies,NA,0,NA,0,NA,0,NA,0
1996-02-25, Colombo (RPS),League-Match,SL,WI,NA,NA,NA,NA,NA,1996,Sri Lanka,played,Sri Lanka,NA,0,NA,0,NA,0,NA,0
1996-03-17, Lahore,Final,AUS,SL,241.0,7.0,245.0,3.0,Aravinda de Silva,1996,Pakistan,played,Sri Lanka,NA,0,NA,0,NA,0,NA,0
1996-03-13, Eden Gardens,Semi-Final,SL,IND,251.0,8.0,120.0,8.0,Aravinda de Silva,1996,India,played,Sri Lanka,NA,0,NA,0,NA,0,NA,0
NA, Chennai,League-Match,NZ,AUS,286.0,9.0,289.0,4.0,Mark Waugh,1996,India,played,Australia,NA,0,NA,0,NA,0,NA,0
1996-02-26, Patna,League-Match,ZIM,KENYA,45.0,3.0,NA,NA,NA,1996,India,abandoned,NA,NA,0,NA,0,NA,0,NA,0
NA, Bengaluru,League-Match,IND,PAK,287.0,8.0,248.0,9.0,Navjot Sidhu,1996,India,played,India,NA,0,NA,0,NA,0,NA,0
1996-02-24, Gujranwala,League-Match,UAE,PAK,109.0,9.0,112.0,1.0,Mushtaq Ahmed,1996,Pakistan,played,Pakistan,NA,0,NA,0,NA,0,NA,0
1996-03-05, Rawalpindi,League-Match,SA,NED,328.0,3.0,168.0,8.0,Andrew Hudson,1996,Pakistan,played,South Africa,NA,0,NA,0,NA,0,NA,0
NA, Rawalpindi,League-Match,SA,ENG,230.0,0.0,152.0,0.0,Jonty Rhodes,1996,Pakistan,played,South Africa,NA,0,NA,0,NA,0,NA,0
1996-02-21, Colombo (SSC),League-Match,ZIM,SL,228.0,6.0,229.0,4.0,Aravinda de Silva,1996,Sri Lanka,played,Sri Lanka,NA,0,NA,0,NA,0,NA,0
NA, Lahore,League-Match,NED,PAK,145.0,7.0,151.0,2.0,Waqar Younis,1996,Pakistan,played,Pakistan,NA,0,NA,0,NA,0,NA,0
NA, Lahore,League-Match,PAK,NZ,281.0,5.0,235.0,0.0,Saleem Malik,1996,Pakistan,played,Pakistan,NA,0,NA,0,NA,0,NA,0
1996-03-03, Karachi,League-Match,ENG,PAK,249.0,9.0,250.0,3.0,Aamer Sohail,1996,Pakistan,played,Pakistan,NA,0,NA,0,NA,0,NA,0
NA, Colombo (RPS),League-Match,SL,AUS,NA,NA,NA,NA,NA,1996,Sri Lanka,played,Sri Lanka,NA,0,NA,0,NA,0,NA,0
NA, Peshawar,League-Match,UAE,ENG,136.0,0.0,140.0,2.0,Neil Smith,1996,Pakistan,played,England,NA,0,NA,0,NA,0,NA,0
NA, Karachi,League-Match,PAK,SA,242.0,6.0,243.0,5.0,Hansie Cronje,1996,Pakistan,played,South Africa,NA,0,NA,0,NA,0,NA,0
1996-02-27, Patna,League-Match,KENYA,ZIM,134.0,0.0,137.0,5.0,Paul Strang,1996,India,played,Zimbabwe,NA,0,NA,0,NA,0,NA,0
1996-02-20, Faisalabad,League-Match,NZ,SA,177.0,9.0,178.0,5.0,Hansie Cronje,1996,Pakistan,played,South Africa,NA,0,NA,0,NA,0,NA,0
NA, Kandy,League-Match,SL,KENYA,398.0,5.0,254.0,7.0,Aravinda de Silva,1996,India,played,Sri Lanka,NA,0,NA,0,NA,0,NA,0
NA, Gwalior,League-Match,WI,IND,173.0,0.0,174.0,5.0,Sachin Tendulkar,1996,India,played,India,NA,0,NA,0,NA,0,NA,0
1996-02-14, Ahmedabad,League-Match,NZ,ENG,239.0,6.0,228.0,9.0,Nathan Astle,1996,India,played,New Zealand,NA,0,NA,0,NA,0,NA,0
1996-03-02, Delhi,League-Match,IND,SL,271.0,3.0,272.0,4.0,Sanath Jayasuriya,1996,India,played,Sri Lanka,NA,0,NA,0,NA,0,NA,0
NA, Hyderabad (Deccan),League-Match,ZIM,WI,151.0,9.0,155.0,4.0,Curtly Ambrose,1996,India,played,West Indies,NA,0,NA,0,NA,0,NA,0
1996-03-06, Kanpur,League-Match,IND,ZIM,247.0,5.0,207.0,0.0,Ajay Jadeja,1996,India,played,India,NA,0,NA,0,NA,0,NA,0
NA, Wankhede,League-Match,AUS,IND,258.0,0.0,242.0,0.0,Mark Waugh,1996,India,played,Australia,NA,0,NA,0,NA,0,NA,0
NA, Gwalior,League-Match,WI,IND,173.0,0.0,174.0,5.0,Sachin Tendulkar,1996,India,played,India,NA,0,NA,0,NA,0,NA,0
1996-02-29, Pune,League-Match,KENYA,WI,166.0,0.0,93.0,0.0,Maurice Odumbe,1996,India,played,Kenya,NA,0,NA,0,NA,0,NA,0
1996-02-18, Cuttack,League-Match,KENYA,IND,199.0,6.0,203.0,3.0,Sachin Tendulkar,1996,India,played,India,NA,0,NA,0,NA,0,NA,0
1996-03-09, Faisalabad,League-Match,ENG,SL,235.0,8.0,236.0,5.0,Sanath Jayasuriya,1996,Pakistan,played,Sri Lanka,NA,0,NA,0,NA,0,NA,0
NA, Hyderabad (Deccan),League-Match,ZIM,WI,151.0,9.0,155.0,4.0,Curtly Ambrose,1996,India,played,West Indies,NA,0,NA,0,NA,0,NA,0
1996-02-22, Peshawar,League-Match,ENG,NED,279.0,4.0,230.0,6.0,Graeme Hick,1996,Pakistan,played,England,NA,0,NA,0,NA,0,NA,0
1996-03-01, Nagpur,League-Match,ZIM,AUS,154.0,0.0,158.0,2.0,Shane Warne,1996,India,played,Australia,NA,0,NA,0,NA,0,NA,0
NA, Lahore,League-Match,NED,UAE,216.0,9.0,220.0,3.0,Saleem Raza,1996,Pakistan,played,NA,NA,0,NA,0,NA,0,NA,0
1999-05-17, Chelmsford,League-Match,BAN,NZ,116.0,0.0,117.0,4.0,Gavin Larsen,1999,England,played,New Zealand,NA,0,NA,0,NA,0,NA,0
1999-06-20, Lord's,Final,PAK,AUS,132.0,0.0,133.0,2.0,Shane Warne,1999,England,played,Australia,NA,0,NA,0,NA,0,NA,0
1999-05-26, Amstelveen,League-Match,KENYA,SA,152.0,0.0,153.0,3.0,Lance Klusener,1999,England,played,South Africa,NA,0,NA,0,NA,0,NA,0
1999-06-11, The Oval,League-Match,PAK,ZIM,271.0,9.0,123.0,0.0,Saeed Anwar,1999,England,played,Pakistan,NA,0,NA,0,NA,0,NA,0
1999-05-23, Bristol,League-Match,IND,KENYA,329.0,2.0,235.0,7.0,Sachin Tendulkar,1999,England,played,India,NA,0,NA,0,NA,0,NA,0
1999-06-08, Manchester,League-Match,IND,PAK,227.0,6.0,180.0,0.0,Venkatesh Prasad,1999,England,played,India,NA,0,NA,0,NA,0,NA,0
1999-06-09, Lord's,League-Match,AUS,ZIM,303.0,4.0,259.0,6.0,Neil Johnson,1999,England,played,Australia,NA,0,NA,0,NA,0,NA,0
NA, Chelmsford,League-Match,ZIM,SA,233.0,6.0,185.0,0.0,Neil Johnson,1999,England,played,Zimbabwe,NA,0,NA,0,NA,0,NA,0
1999-06-04, The Oval,League-Match,AUS,IND,282.0,6.0,205.0,0.0,Glenn McGrath,1999,England,played,Australia,NA,0,NA,0,NA,0,NA,0
1999-05-20, Cardiff,League-Match,AUS,NZ,213.0,8.0,214.0,5.0,Roger Twose,1999,England,played,New Zealand,NA,0,NA,0,NA,0,NA,0
1999-06-12, Nottingham,League-Match,IND,NZ,251.0,6.0,253.0,5.0,Roger Twose,1999,England,played,New Zealand,NA,0,NA,0,NA,0,NA,0
NA, Edinburgh,League-Match,SCOT,NZ,121.0,0.0,123.0,4.0,Geoff Allott,1999,England,played,New Zealand,NA,0,NA,0,NA,0,NA,0
NA, Southampton,League-Match,NZ,WI,156.0,0.0,158.0,3.0,Ridley Jacobs,1999,England,played,West Indies,NA,0,NA,0,NA,0,NA,0
1999-05-14, Lord's,League-Match,SL,ENG,204.0,0.0,207.0,2.0,Alec Stewart,1999,England,played,England,NA,0,NA,0,NA,0,NA,0
1999-05-27, Chester-le-Street,League-Match,BAN,AUS,178.0,7.0,181.0,3.0,Tom Moody,1999,England,played,Australia,NA,0,NA,0,NA,0,NA,0
1999-06-16, Manchester,Semi-Final,NZ,PAK,241.0,7.0,242.0,1.0,Shoaib Akhtar,1999,England,played,Pakistan,NA,0,NA,0,NA,0,NA,0
NA, Northampton,League-Match,SA,SL,199.0,9.0,110.0,0.0,Lance Klusener,1999,England,played,South Africa,NA,0,NA,0,NA,0,NA,0
1999-05-28, Derby,League-Match,PAK,NZ,269.0,8.0,207.0,8.0,Inzamam-ul-Haq,1999,England,played,Pakistan,NA,0,NA,0,NA,0,NA,0
1999-06-13, Leeds,League-Match,SA,AUS,271.0,7.0,272.0,5.0,Steve Waugh,1999,England,played,Australia,NA,0,NA,0,NA,0,NA,0
1999-06-10, Birmingham,League-Match,SA,NZ,287.0,5.0,213.0,8.0,Jacques Kallis,1999,England,played,South Africa,NA,0,NA,0,NA,0,NA,0
1999-05-29, Birmingham,League-Match,IND,ENG,232.0,8.0,169.0,0.0,Sourav Ganguly,1999,England,played,India,NA,0,NA,0,NA,0,NA,0
1999-06-17, Birmingham,Semi-Final,AUS,SA,213.0,0.0,213.0,0.0,Shane Warne,1999,England,played,NA,NA,0,NA,0,NA,0,NA,0
1999-05-16, Worcester,League-Match,SCOT,AUS,181.0,7.0,182.0,4.0,Mark Waugh,1999,England,played,Australia,NA,0,NA,0,NA,0,NA,0
1999-06-06, Leeds,League-Match,ZIM,NZ,175.0,0.0,70.0,3.0,NA,1999,England,abandoned,NA,NA,0,NA,0,NA,0,NA,0
1999-05-30, Southampton,League-Match,SL,KENYA,275.0,8.0,230.0,6.0,Maurice Odumbe,1999,England,played,Sri Lanka,NA,0,NA,0,NA,0,NA,0
NA, Bristol,League-Match,PAK,WI,229.0,8.0,202.0,0.0,Azhar Mahmood,1999,England,played,Pakistan,NA,0,NA,0,NA,0,NA,0
1999-05-28, Derby,League-Match,PAK,NZ,269.0,8.0,207.0,8.0,Inzamam-ul-Haq,1999,England,played,Pakistan,NA,0,NA,0,NA,0,NA,0
1999-05-15, Hove,League-Match,IND,SA,253.0,5.0,254.0,6.0,Jacques Kallis,1999,England,played,South Africa,NA,0,NA,0,NA,0,NA,0
NA, Chester-le-Street,League-Match,PAK,SCOT,261.0,6.0,167.0,0.0,Mohammad Yousuf,1999,England,played,Pakistan,NA,0,NA,0,NA,0,NA,0
1999-06-05, Nottingham,League-Match,PAK,SA,220.0,7.0,221.0,7.0,Lance Klusener,1999,England,played,South Africa,NA,0,NA,0,NA,0,NA,0
NA, Manchester,League-Match,WI,AUS,110.0,0.0,111.0,4.0,Glenn McGrath,1999,England,played,Australia,NA,0,NA,0,NA,0,NA,0
NA, Leeds,League-Match,PAK,AUS,275.0,8.0,265.0,0.0,Inzamam-ul-Haq,1999,England,played,Pakistan,NA,0,NA,0,NA,0,NA,0
NA, Taunton,League-Match,IND,SL,373.0,6.0,216.0,0.0,Sourav Ganguly,1999,England,played,India,NA,0,NA,0,NA,0,NA,0
1999-05-31, Northampton,League-Match,BAN,PAK,223.0,9.0,161.0,0.0,Khaled Mahmud,1999,England,played,Bangladesh,NA,0,NA,0,NA,0,NA,0
1999-05-14, Lord's,League-Match,SL,ENG,204.0,0.0,207.0,2.0,Alec Stewart,1999,England,played,England,NA,0,NA,0,NA,0,NA,0
1999-05-22, The Oval,League-Match,SA,ENG,225.0,7.0,103.0,0.0,Lance Klusener,1999,England,played,South Africa,NA,0,NA,0,NA,0,NA,0
1999-05-21, Dublin,League-Match,BAN,WI,182.0,0.0,183.0,3.0,Courtney Walsh,1999,England,played,West Indies,NA,0,NA,0,NA,0,NA,0
1999-05-24, Edinburgh,League-Match,BAN,SCOT,185.0,9.0,163.0,0.0,Minhajul Abedin,1999,England,played,Bangladesh,NA,0,NA,0,NA,0,NA,0
1999-05-25, Nottingham,League-Match,ZIM,ENG,167.0,8.0,168.0,3.0,Alan Mullally,1999,England,played,England,NA,0,NA,0,NA,0,NA,0
NA, Leicester,League-Match,SCOT,WI,68.0,0.0,70.0,2.0,Courtney Walsh,1999,England,played,West Indies,NA,0,NA,0,NA,0,NA,0
1999-05-19, Leicester,League-Match,ZIM,IND,252.0,9.0,249.0,0.0,Grant Flower,1999,England,played,Zimbabwe,NA,0,NA,0,NA,0,NA,0
NA, Taunton,League-Match,KENYA,ZIM,229.0,7.0,231.0,5.0,Neil Johnson,1999,England,played,Zimbabwe,NA,0,NA,0,NA,0,NA,0
NA, Worcester,League-Match,ZIM,SL,197.0,9.0,198.0,6.0,Marvan Atapattu,1999,England,played,Sri Lanka,NA,0,NA,0,NA,0,NA,0
1999-05-18, Canterbury,League-Match,KENYA,ENG,203.0,0.0,204.0,1.0,Steve Tikolo,1999,England,played,England,NA,0,NA,0,NA,0,NA,0
NA, Gqeberha,League-Match,ENG,NAM,272.0,0.0,217.0,9.0,Jan-Berrie Burger,2003,South Africa,played,England,NA,0,NA,0,NA,0,NA,0
2003-02-19, Harare,League-Match,IND,ZIM,255.0,7.0,172.0,0.0,Sachin Tendulkar,2003,South Africa,played,India,NA,0,NA,0,NA,0,NA,0
2003-03-14, Centurion,League-Match,NZ,IND,146.0,0.0,150.0,3.0,Zaheer Khan,2003,South Africa,played,India,NA,0,NA,0,NA,0,NA,0
2003-02-20, Potchefstroom,League-Match,AUS,NED,170.0,2.0,122.0,0.0,Damien Martyn,2003,South Africa,played,Australia,NA,0,NA,0,NA,0,NA,0
2003-03-23, Johannesburg,Final,AUS,IND,359.0,2.0,234.0,0.0,Ricky Ponting,2003,South Africa,played,Australia,NA,0,NA,0,NA,0,NA,0
2003-03-04, Bulawayo,League-Match,PAK,ZIM,73.0,3.0,NA,NA,NA,2003,South Africa,abandoned,NA,NA,0,NA,0,NA,0,NA,0
NA, Kimberley,League-Match,PAK,NAM,255.0,9.0,84.0,0.0,Wasim Akram,2003,South Africa,played,Pakistan,NA,0,NA,0,NA,0,NA,0
NA, Durban,League-Match,KENYA,AUS,174.0,8.0,178.0,5.0,Aasif Karim,2003,South Africa,played,Australia,NA,0,NA,0,NA,0,NA,0
2003-03-20, Durban,Semi-Final,IND,KENYA,270.0,4.0,179.0,0.0,Sourav Ganguly,2003,South Africa,played,India,NA,0,NA,0,NA,0,NA,0
NA, Durban,League-Match,SL,SA,268.0,9.0,229.0,6.0,Marvan Atapattu,2003,South Africa,played,NA,NA,0,NA,0,NA,0,NA,0
NA, Cape Town,League-Match,ENG,PAK,246.0,8.0,134.0,0.0,James Anderson,2003,South Africa,played,England,NA,0,NA,0,NA,0,NA,0
2003-02-10, Harare,League-Match,ZIM,NAM,340.0,2.0,104.0,5.0,Craig Wishart,2003,South Africa,played,Zimbabwe,NA,0,NA,0,NA,0,NA,0
NA, Cape Town,League-Match,CAN,KENYA,197.0,0.0,198.0,6.0,Thomas Odoyo,2003,South Africa,played,Kenya,NA,0,NA,0,NA,0,NA,0
2003-02-27, Potchefstroom,League-Match,AUS,NAM,301.0,6.0,45.0,0.0,Glenn McGrath,2003,South Africa,played,Australia,NA,0,NA,0,NA,0,NA,0
NA, Bulawayo,League-Match,ZIM,AUS,246.0,9.0,248.0,3.0,Andy Blignaut,2003,South Africa,played,Australia,NA,0,NA,0,NA,0,NA,0
NA, Durban,League-Match,IND,ENG,250.0,9.0,168.0,0.0,Ashish Nehra,2003,South Africa,played,India,NA,0,NA,0,NA,0,NA,0
2003-02-26, Kimberley,League-Match,BAN,NZ,198.0,7.0,199.0,3.0,Craig McMillan,2003,South Africa,played,New Zealand,NA,0,NA,0,NA,0,NA,0
NA, Centurion,League-Match,PAK,IND,273.0,7.0,276.0,4.0,Sachin Tendulkar,2003,South Africa,played,India,NA,0,NA,0,NA,0,NA,0
NA, Bloemfontein,League-Match,NED,NAM,314.0,4.0,250.0,0.0,Feiko Kloppenburg,2003,South Africa,played,Netherlands,NA,0,NA,0,NA,0,NA,0
NA, East London,League-Match,SA,CAN,254.0,8.0,136.0,5.0,Boeta Dippenaar,2003,South Africa,played,South Africa,NA,0,NA,0,NA,0,NA,0
2003-02-18, Benoni,League-Match,WI,BAN,244.0,9.0,32.0,2.0,NA,2003,South Africa,abandoned,NA,NA,0,NA,0,NA,0,NA,0
2003-02-25, Paarl,League-Match,PAK,NED,253.0,9.0,156.0,0.0,Mohammad Yousuf,2003,South Africa,played,Pakistan,NA,0,NA,0,NA,0,NA,0
2003-03-10, Johannesburg,League-Match,IND,SL,292.0,6.0,109.0,0.0,Javagal Srinath,2003,South Africa,played,India,NA,0,NA,0,NA,0,NA,0
2003-02-21, Nairobi (Gym),League-Match,KENYA,NZ,NA,NA,NA,NA,NA,2003,South Africa,played,Kenya,NA,0,NA,0,NA,0,NA,0
2003-02-14, Pietermaritzburg,League-Match,BAN,SL,124.0,0.0,126.0,0.0,Chaminda Vaas,2003,South Africa,played,Sri Lanka,NA,0,NA,0,NA,0,NA,0
NA, Johannesburg,League-Match,SA,NZ,306.0,6.0,229.0,1.0,Stephen Fleming,2003,South Africa,played,New Zealand,NA,0,NA,0,NA,0,NA,0
2003-02-24, Nairobi (Gym),League-Match,KENYA,SL,210.0,9.0,157.0,0.0,Collins Obuya,2003,South Africa,played,Kenya,NA,0,NA,0,NA,0,NA,0
2003-02-22, Bloemfontein,League-Match,BAN,SA,108.0,0.0,109.0,0.0,Makhaya Ntini,2003,South Africa,played,South Africa,NA,0,NA,0,NA,0,NA,0
2003-03-07, Centurion,League-Match,AUS,SL,319.0,5.0,223.0,0.0,Ricky Ponting,2003,South Africa,played,Australia,NA,0,NA,0,NA,0,NA,0
2003-02-15, Centurion,League-Match,IND,AUS,125.0,0.0,128.0,1.0,Jason Gillespie,2003,South Africa,played,Australia,NA,0,NA,0,NA,0,NA,0
NA, Cape Town,League-Match,SL,WI,228.0,6.0,222.0,9.0,Chaminda Vaas,2003,South Africa,played,Sri Lanka,NA,0,NA,0,NA,0,NA,0
2003-03-12, Bloemfontein,League-Match,ZIM,KENYA,133.0,0.0,135.0,3.0,Martin Suji,2003,South Africa,played,Kenya,NA,0,NA,0,NA,0,NA,0
2003-02-16, East London,League-Match,NED,ENG,142.0,9.0,144.0,4.0,James Anderson,2003,South Africa,played,England,NA,0,NA,0,NA,0,NA,0
2003-03-18, Gqeberha,Semi-Final,AUS,SL,212.0,7.0,123.0,7.0,Andrew Symonds,2003,South Africa,played,Australia,NA,0,NA,0,NA,0,NA,0
2003-02-21, Nairobi (Gym),League-Match,KENYA,NZ,NA,NA,NA,NA,NA,2003,South Africa,played,Kenya,NA,0,NA,0,NA,0,NA,0
2003-03-12, Bloemfontein,League-Match,ZIM,KENYA,133.0,0.0,135.0,3.0,Martin Suji,2003,South Africa,played,Kenya,NA,0,NA,0,NA,0,NA,0
2003-02-09, Cape Town,League-Match,WI,SA,278.0,5.0,275.0,9.0,Brian Lara,2003,South Africa,played,West Indies,NA,0,NA,0,NA,0,NA,0
NA, Cape Town,League-Match,KENYA,IND,225.0,6.0,226.0,4.0,Sourav Ganguly,2003,South Africa,played,India,NA,0,NA,0,NA,0,NA,0
2003-03-11, Gqeberha,League-Match,AUS,NZ,208.0,9.0,112.0,0.0,Shane Bond,2003,South Africa,played,Australia,NA,0,NA,0,NA,0,NA,0
NA, Gqeberha,League-Match,NZ,WI,241.0,7.0,221.0,0.0,Andre Adams,2003,South Africa,played,New Zealand,NA,0,NA,0,NA,0,NA,0
NA, Paarl,League-Match,IND,NED,204.0,0.0,136.0,0.0,Tim de Leede,2003,South Africa,played,India,NA,0,NA,0,NA,0,NA,0
2003-03-03, Benoni,League-Match,CAN,NZ,196.0,0.0,197.0,5.0,John Davison,2003,South Africa,played,New Zealand,NA,0,NA,0,NA,0,NA,0
NA, Durban,League-Match,CAN,BAN,180.0,0.0,120.0,0.0,Austin Codrington,2003,South Africa,played,Canada,NA,0,NA,0,NA,0,NA,0
2003-02-12, Potchefstroom,League-Match,KENYA,SA,140.0,0.0,142.0,0.0,Lance Klusener,2003,South Africa,played,South Africa,NA,0,NA,0,NA,0,NA,0
NA, Pietermaritzburg,League-Match,IND,NAM,311.0,2.0,130.0,0.0,Sachin Tendulkar,2003,South Africa,played,India,NA,0,NA,0,NA,0,NA,0
2003-03-15, East London,League-Match,SL,ZIM,256.0,5.0,182.0,0.0,Marvan Atapattu,2003,South Africa,played,Sri Lanka,NA,0,NA,0,NA,0,NA,0
2003-02-13, Harare,League-Match,ZIM,ENG,NA,NA,NA,NA,NA,2003,South Africa,played,Zimbabwe,NA,0,NA,0,NA,0,NA,0
2003-03-02, Gqeberha,League-Match,ENG,AUS,204.0,8.0,208.0,8.0,Andy Bichel,2003,South Africa,played,Australia,NA,0,NA,0,NA,0,NA,0
2003-02-28, Bulawayo,League-Match,ZIM,NED,301.0,8.0,202.0,9.0,Heath Streak,2003,South Africa,played,Zimbabwe,NA,0,NA,0,NA,0,NA,0
2003-03-01, Johannesburg,League-Match,KENYA,BAN,217.0,7.0,185.0,0.0,Maurice Odumbe,2003,South Africa,played,Kenya,NA,0,NA,0,NA,0,NA,0
2003-02-23, Centurion,League-Match,CAN,WI,202.0,0.0,206.0,3.0,John Davison,2003,South Africa,played,West Indies,NA,0,NA,0,NA,0,NA,0
NA, Bloemfontein,League-Match,SL,NZ,272.0,7.0,225.0,0.0,Sanath Jayasuriya,2003,South Africa,played,Sri Lanka,NA,0,NA,0,NA,0,NA,0
2003-02-11, Johannesburg,League-Match,AUS,PAK,310.0,8.0,228.0,0.0,Andrew Symonds,2003,South Africa,played,Australia,NA,0,NA,0,NA,0,NA,0
2003-03-08, Bloemfontein,League-Match,ZIM,NZ,252.0,7.0,253.0,4.0,Nathan Astle,2003,South Africa,played,New Zealand,NA,0,NA,0,NA,0,NA,0
NA, Paarl,League-Match,CAN,SL,36.0,0.0,37.0,1.0,Prabath Nissanka,2003,South Africa,played,Sri Lanka,NA,0,NA,0,NA,0,NA,0
NA, Kimberley,League-Match,WI,KENYA,246.0,7.0,104.0,0.0,Vasbert Drakes,2003,South Africa,played,West Indies,NA,0,NA,0,NA,0,NA,0
2007-03-31, North Sound,League-Match,BAN,AUS,104.0,6.0,106.0,0.0,Glenn McGrath,2007,West Indies,played,Australia,GD McGrath,3,NW Bracken,2,AC Gilchrist,59,ML Hayden,47
NA, Kingston,League-Match,PAK,ZIM,349.0,0.0,99.0,0.0,Imran Nazir,2007,West Indies,played,Pakistan,Shahid Afridi,3,GB Brent,3,Imran Nazir,160,Inzamam-ul-Haq,37
2007-04-19, Bridgetown,League-Match,WI,BAN,230.0,5.0,131.0,0.0,Ramnaresh Sarwan,2007,West Indies,played,NA,DBL Powell,3,CD Collymore,2,RR Sarwan,91,S Chanderpaul,50
2007-04-24, Kingston,Semi-Final,SL,NZ,289.0,5.0,208.0,0.0,Mahela Jayawardene,2007,West Indies,played,Sri Lanka,M Muralidaran,4,TM Dilshan,2,DPMD Jayawardene,115,WU Tharanga,73
2007-03-28, Providence,League-Match,SL,SA,209.0,0.0,212.0,9.0,Charl Langeveldt,2007,West Indies,played,South Africa,CK Langeveldt,5,SL Malinga,4,JH Kallis,86,GC Smith,59
NA, Kingston,League-Match,IRE,WI,183.0,8.0,190.0,2.0,Shivnarine Chanderpaul,2007,West Indies,played,West Indies,CH Gayle,2,DBL Powell,2,S Chanderpaul,102,JP Bray,41
2007-04-18, St George's,League-Match,IRE,SL,77.0,0.0,81.0,2.0,Farveez Maharoof,2007,West Indies,played,Sri Lanka,MF Maharoof,4,M Muralidaran,4,DPMD Jayawardene,39,ST Jayasuriya,24
2007-04-20, St George's,League-Match,AUS,NZ,348.0,6.0,133.0,0.0,Matthew Hayden,2007,West Indies,played,NA,GB Hogg,4,SW Tait,3,ML Hayden,103,RT Ponting,66
2007-03-20, Basseterre,League-Match,SCOT,SA,186.0,8.0,188.0,3.0,Graeme Smith,2007,West Indies,played,South Africa,AJ Hall,3,CK Langeveldt,2,GC Smith,91,AB de Villiers,62
2007-03-14, Basseterre,League-Match,AUS,SCOT,334.0,6.0,131.0,0.0,Ricky Ponting,2007,West Indies,played,Australia,GD McGrath,3,SW Tait,2,RT Ponting,113,ML Hayden,60
NA, Gros Islet,League-Match,ENG,NZ,209.0,7.0,210.0,4.0,Scott Styris,2007,West Indies,played,New Zealand,SE Bond,2,SB Styris,2,SB Styris,87,JDP Oram,63
2007-04-09, Providence,League-Match,NZ,IRE,263.0,8.0,134.0,0.0,Peter Fulton,2007,West Indies,played,New Zealand,DL Vettori,4,WK McCallan,2,PG Fulton,83,"""KJ OBrien",49
2007-04-17, Bridgetown,League-Match,ENG,SA,154.0,0.0,157.0,1.0,Andrew Hall,2007,West Indies,played,South Africa,AJ Hall,5,A Nel,3,GC Smith,89,AJ Strauss,46
2007-04-28, Bridgetown,Final,AUS,SL,281.0,4.0,215.0,8.0,Adam Gilchrist,2007,West Indies,played,Australia,SL Malinga,2,MJ Clarke,2,AC Gilchrist,149,ST Jayasuriya,63
NA, Kingston,League-Match,IRE,ZIM,221.0,9.0,221.0,0.0,Jeremy Bray,2007,West Indies,played,NA,E Chigumbura,2,GB Brent,2,JP Bray,115,S Matsikenyeri,73
2007-03-25, Port of Spain,League-Match,BER,BAN,94.0,9.0,96.0,3.0,Mohammad Ashraful,2007,West Indies,played,Bangladesh,S Mukuddem,3,Abdur Razzak,3,Mohammad Ashraful,29,Shakib Al Hasan,26
2007-03-23, Port of Spain,League-Match,SL,IND,254.0,6.0,185.0,0.0,Muthiah Muralidaran,2007,West Indies,played,Sri Lanka,M Muralidaran,3,WPUJC Vaas,2,WU Tharanga,64,R Dravid,60
2007-03-21, Port of Spain,League-Match,SL,BAN,318.0,4.0,112.0,0.0,Sanath Jayasuriya,2007,West Indies,played,Sri Lanka,SL Malinga,3,WPUJC Vaas,1,ST Jayasuriya,109,KC Sangakkara,56
2007-03-27, North Sound,League-Match,AUS,WI,322.0,6.0,219.0,0.0,Matthew Hayden,2007,West Indies,played,Australia,GD McGrath,3,GB Hogg,3,ML Hayden,158,BC Lara,77
2007-03-24, Basseterre,League-Match,AUS,SA,377.0,6.0,294.0,0.0,Matthew Hayden,2007,West Indies,played,Australia,GB Hogg,3,NW Bracken,2,ML Hayden,101,AB de Villiers,92
2007-04-01, Providence,League-Match,SL,WI,303.0,5.0,190.0,0.0,Sanath Jayasuriya,2007,West Indies,played,Sri Lanka,ST Jayasuriya,3,WPUJC Vaas,2,ST Jayasuriya,115,DPMD Jayawardene,82
2007-03-13, Kingston,League-Match,WI,PAK,241.0,9.0,187.0,0.0,Dwayne Smith,2007,West Indies,played,West Indies,DR Smith,3,Iftikhar Anjum,3,MN Samuels,63,Shoaib Malik,62
2007-03-30, Providence,League-Match,ENG,IRE,266.0,7.0,218.0,0.0,Paul Collingwood,2007,West Indies,played,England,A Flintoff,4,MS Panesar,2,PD Collingwood,90,"""NJ OBrien",63
2007-03-15, Port of Spain,League-Match,SL,BER,321.0,6.0,78.0,0.0,Mahela Jayawardene,2007,West Indies,played,Sri Lanka,MF Maharoof,4,SL Malinga,3,DPMD Jayawardene,85,KC Sangakkara,76
NA, Gros Islet,League-Match,KENYA,ENG,177.0,0.0,178.0,3.0,Ed Joyce,2007,West Indies,played,England,JM Anderson,2,A Flintoff,2,SO Tikolo,76,EC Joyce,75
2007-04-25, Gros Islet,Semi-Final,SA,AUS,149.0,0.0,153.0,3.0,Glenn McGrath,2007,West Indies,played,Australia,SW Tait,4,GD McGrath,3,MJ Clarke,60,JM Kemp,49
2007-03-16, Basseterre,League-Match,SA,NED,353.0,3.0,132.0,9.0,Herschelle Gibbs,2007,West Indies,played,South Africa,JM Kemp,2,SM Pollock,1,JH Kallis,128,MV Boucher,75
NA, Gros Islet,League-Match,ENG,CAN,279.0,6.0,228.0,7.0,Paul Collingwood,2007,West Indies,played,England,S Dhaniram,3,RS Bopara,2,EC Joyce,66,PD Collingwood,62
NA, Gros Islet,League-Match,NZ,CAN,363.0,5.0,249.0,0.0,Lou Vincent,2007,West Indies,played,New Zealand,JS Patel,3,DL Vettori,3,L Vincent,101,SP Fleming,66
2007-04-08, North Sound,League-Match,ENG,AUS,247.0,0.0,248.0,3.0,Shaun Tait,2007,West Indies,played,Australia,NW Bracken,3,SW Tait,3,KP Pietersen,104,RT Ponting,86
NA, Gros Islet,League-Match,NZ,KENYA,331.0,7.0,183.0,0.0,Ross Taylor,2007,West Indies,played,New Zealand,JEC Franklin,2,MJ Mason,2,LRPL Taylor,85,CD McMillan,71
NA, Kingston,League-Match,ZIM,WI,202.0,5.0,204.0,4.0,Sean Williams,2007,West Indies,played,West Indies,JE Taylor,2,DBL Powell,1,SC Williams,70,BRM Taylor,50
2007-04-03, Providence,League-Match,IRE,SA,152.0,8.0,165.0,3.0,Jacques Kallis,2007,West Indies,played,South Africa,CK Langeveldt,3,SM Pollock,2,JH Kallis,66,AG Prince,47
2007-04-02, North Sound,League-Match,BAN,NZ,174.0,0.0,178.0,1.0,Shane Bond,2007,West Indies,played,New Zealand,SB Styris,4,JDP Oram,3,SP Fleming,102,HJH Marshall,50
2007-04-14, St George's,League-Match,SA,NZ,193.0,7.0,196.0,5.0,Craig McMillan,2007,West Indies,played,New Zealand,CD McMillan,3,SE Bond,2,HH Gibbs,60,SB Styris,56
2007-04-07, Providence,League-Match,BAN,SA,251.0,8.0,184.0,0.0,Mohammad Ashraful,2007,West Indies,played,Bangladesh,A Nel,5,Abdur Razzak,3,Mohammad Ashraful,87,HH Gibbs,56
2007-03-28, Providence,League-Match,SL,SA,209.0,0.0,212.0,9.0,Charl Langeveldt,2007,West Indies,played,South Africa,CK Langeveldt,5,SL Malinga,4,JH Kallis,86,GC Smith,59
2007-03-18, Basseterre,League-Match,AUS,NED,358.0,5.0,129.0,0.0,Brad Hodge,2007,West Indies,played,Australia,GB Hogg,4,TBM de Leede,2,BJ Hodge,123,MJ Clarke,93
2007-04-10, St George's,League-Match,SA,WI,356.0,4.0,289.0,9.0,AB de Villiers,2007,West Indies,played,South Africa,CD Collymore,2,SM Pollock,2,AB de Villiers,146,RR Sarwan,92
2007-03-17, Port of Spain,League-Match,IND,BAN,191.0,0.0,192.0,5.0,Mashrafe Mortaza,2007,West Indies,played,Bangladesh,Mashrafe Mortaza,4,Mohammad Rafique,3,SC Ganguly,66,Mushfiqur Rahim,56
2007-03-22, Basseterre,League-Match,SCOT,NED,136.0,0.0,140.0,2.0,Billy Stelling,2007,West Indies,played,Netherlands,WF Stelling,3,Mohammad Kashif,2,RN ten Doeschate,70,B Zuiderent,43
NA, Gros Islet,League-Match,CAN,KENYA,199.0,0.0,203.0,3.0,Steve Tikolo,2007,West Indies,played,Kenya,NA,0,NA,0,NA,0,NA,0
2007-03-29, North Sound,League-Match,WI,NZ,177.0,0.0,179.0,3.0,Jacob Oram,2007,West Indies,played,New Zealand,JDP Oram,3,SE Bond,3,SB Styris,80,SP Fleming,45
NA, Kingston,League-Match,PAK,IRE,132.0,0.0,133.0,7.0,Niall O'Brien,2007,West Indies,played,Ireland,Mohammad Sami,3,WB Rankin,3,"""NJ OBrien",72,Kamran Akmal,27
2007-04-04, North Sound,League-Match,SL,ENG,235.0,0.0,233.0,8.0,Ravi Bopara,2007,West Indies,played,Sri Lanka,SI Mahmood,4,A Flintoff,3,WU Tharanga,62,KP Pietersen,58
2007-04-12, St George's,League-Match,NZ,SL,219.0,7.0,222.0,4.0,Chaminda Vaas,2007,West Indies,played,Sri Lanka,M Muralidaran,3,WPUJC Vaas,3,SB Styris,111,KC Sangakkara,69
2007-03-16, Basseterre,League-Match,SA,NED,353.0,3.0,132.0,9.0,Herschelle Gibbs,2007,West Indies,played,South Africa,JM Kemp,2,SM Pollock,1,JH Kallis,128,MV Boucher,75
2007-04-11, Bridgetown,League-Match,BAN,ENG,143.0,0.0,147.0,6.0,Sajid Mahmood,2007,West Indies,played,England,SI Mahmood,3,MS Panesar,3,Shakib Al Hasan,57,MP Vaughan,30
2007-04-16, St George's,League-Match,SL,AUS,226.0,0.0,232.0,3.0,Nathan Bracken,2007,West Indies,played,Australia,NW Bracken,4,GB Hogg,2,DPMD Jayawardene,72,RT Ponting,66
2007-04-21, Bridgetown,League-Match,WI,ENG,300.0,0.0,301.0,9.0,Kevin Pietersen,2007,West Indies,played,England,MP Vaughan,3,DJ Bravo,2,KP Pietersen,100,CH Gayle,79
2007-03-19, Port of Spain,League-Match,IND,BER,413.0,5.0,156.0,0.0,Virender Sehwag,2007,West Indies,played,India,AB Agarkar,3,A Kumble,3,V Sehwag,114,SC Ganguly,89
2007-04-15, Bridgetown,League-Match,IRE,BAN,243.0,7.0,169.0,0.0,William Porterfield,2007,West Indies,played,Ireland,D Langford-Smith,2,WK McCallan,2,WTS Porterfield,85,"""KJ OBrien",48
2007-04-13, Bridgetown,League-Match,IRE,AUS,91.0,0.0,92.0,1.0,Glenn McGrath,2007,West Indies,played,Australia,GD McGrath,3,SW Tait,3,AC Gilchrist,34,MEK Hussey,30
2011-02-21, Ahmedabad,League-Match,AUS,ZIM,262.0,6.0,171.0,0.0,Shane Watson,2011,India,played,Australia,MG Johnson,4,JJ Krejza,2,SR Watson,79,MJ Clarke,58
2011-04-02, Wankhede,Final,SL,IND,274.0,6.0,277.0,4.0,MS Dhoni,2011,India,played,India,SL Malinga,2,Yuvraj Singh,2,DPMD Jayawardene,103,G Gambhir,97
2011-03-12, Nagpur,League-Match,IND,SA,296.0,0.0,300.0,7.0,Dale Steyn,2011,India,played,South Africa,DW Steyn,5,Harbhajan Singh,3,SR Tendulkar,111,V Sehwag,73
2011-03-20, Eden Gardens,League-Match,ZIM,KENYA,308.0,6.0,147.0,0.0,Craig Ervine,2011,India,played,Zimbabwe,RW Price,2,GA Lamb,2,CR Ervine,66,V Sibanda,61
2011-03-17, Chennai,League-Match,ENG,WI,243.0,0.0,225.0,0.0,James Tredwell,2011,India,played,England,JC Tredwell,4,AD Russell,4,AD Russell,49,IJL Trott,47
2011-02-20, Chennai,League-Match,KENYA,NZ,69.0,0.0,72.0,0.0,Hamish Bennett,2011,India,played,New Zealand,HK Bennett,4,JDP Oram,3,MJ Guptill,39,BB McCullum,26
2011-03-23, Mirpur,Final,WI,PAK,112.0,0.0,113.0,0.0,Mohammad Hafeez,2011,Bangladesh,played,Pakistan,Shahid Afridi,4,Mohammad Hafeez,2,Mohammad Hafeez,61,Kamran Akmal,47
2011-03-01, Colombo (RPS),League-Match,KENYA,SL,142.0,0.0,146.0,1.0,Lasith Malinga,2011,Sri Lanka,played,Sri Lanka,SL Malinga,6,KMDN Kulasekara,1,WU Tharanga,67,CO Obuya,52
2011-03-18, Eden Gardens,League-Match,NED,IRE,306.0,0.0,307.0,4.0,Paul Stirling,2011,India,played,Ireland,TLW Cooper,2,PR Stirling,2,RN ten Doeschate,106,PR Stirling,101
NA, Colombo (RPS),League-Match,PAK,CAN,184.0,0.0,138.0,0.0,Shahid Afridi,2011,Sri Lanka,played,Pakistan,Shahid Afridi,5,HS Baidwan,3,Umar Akmal,48,AS Hansra,43
2011-02-19, Mirpur,League-Match,IND,BAN,370.0,4.0,283.0,9.0,Virender Sehwag,2011,Bangladesh,played,India,MM Patel,4,Z Khan,2,V Sehwag,175,V Kohli,100
NA, Delhi,League-Match,WI,NED,330.0,8.0,115.0,0.0,Kemar Roach,2011,India,played,West Indies,KAJ Roach,6,SJ Benn,3,CH Gayle,80,KA Pollard,60
2011-03-26, Colombo (RPS),Final,ENG,SL,229.0,6.0,231.0,0.0,Tillakaratne Dilshan,2011,Sri Lanka,played,Sri Lanka,M Muralidaran,2,BAW Mendis,1,TM Dilshan,108,WU Tharanga,102
NA, Bengaluru,League-Match,AUS,KENYA,324.0,6.0,264.0,6.0,Collins Obuya,2011,India,played,Australia,NN Odhiambo,3,JK Kamande,2,CO Obuya,98,MJ Clarke,93
2011-03-11, Mohali,League-Match,WI,IRE,275.0,0.0,231.0,0.0,Kieron Pollard,2011,India,played,West Indies,SJ Benn,4,"""KJ OBrien",4,DS Smith,107,KA Pollard,94
2011-03-24, Ahmedabad,Final,AUS,IND,260.0,6.0,261.0,5.0,Yuvraj Singh,2011,India,played,India,Yuvraj Singh,2,R Ashwin,2,RT Ponting,104,Yuvraj Singh,57
2011-02-25, Nagpur,League-Match,NZ,AUS,206.0,0.0,207.0,3.0,Mitchell Johnson,2011,India,played,Australia,MG Johnson,4,SW Tait,3,SR Watson,62,BJ Haddin,55
2011-03-19, Mirpur,League-Match,SA,BAN,284.0,8.0,78.0,0.0,Lonwabo Tsotsobe,2011,Bangladesh,played,South Africa,RJ Peterson,4,LL Tsotsobe,3,JH Kallis,69,F du Plessis,52
2011-03-03, Mohali,League-Match,SA,NED,351.0,5.0,120.0,0.0,AB de Villiers,2011,India,played,South Africa,Imran Tahir,3,RN ten Doeschate,3,AB de Villiers,134,HM Amla,113
2011-03-02, Bengaluru,League-Match,ENG,IRE,327.0,8.0,329.0,7.0,Kevin O'Brien,2011,India,played,Ireland,JF Mooney,4,GP Swann,3,"""KJ OBrien",113,IJL Trott,92
2011-03-13, Wankhede,League-Match,NZ,CAN,358.0,6.0,261.0,9.0,Brendon McCullum,2011,India,played,New Zealand,JDP Oram,3,HS Baidwan,3,BB McCullum,101,A Bagai,84
2011-03-29, Colombo (RPS),Semi-Final,NZ,SL,217.0,0.0,220.0,5.0,Kumar Sangakkara,2011,Sri Lanka,played,Sri Lanka,BAW Mendis,3,TG Southee,3,TM Dilshan,73,SB Styris,57
2011-03-25, Mirpur,Final,NZ,SA,221.0,8.0,172.0,0.0,Jacob Oram,2011,Bangladesh,played,New Zealand,JDP Oram,4,NL McCullum,3,JD Ryder,83,JH Kallis,47
NA, Chennai,League-Match,IND,WI,268.0,0.0,188.0,0.0,Yuvraj Singh,2011,India,played,India,R Rampaul,5,Z Khan,3,Yuvraj Singh,113,DS Smith,81
2011-03-16, Bengaluru,League-Match,CAN,AUS,211.0,0.0,212.0,3.0,Shane Watson,2011,India,played,Australia,B Lee,4,SW Tait,2,SR Watson,94,BJ Haddin,88
NA, Delhi,League-Match,WI,NED,330.0,8.0,115.0,0.0,Kemar Roach,2011,India,played,West Indies,KAJ Roach,6,SJ Benn,3,CH Gayle,80,KA Pollard,60
2011-02-24, Delhi,League-Match,WI,SA,222.0,0.0,223.0,3.0,AB de Villiers,2011,India,played,South Africa,Imran Tahir,4,DW Steyn,3,AB de Villiers,107,DM Bravo,73
2011-02-28, Nagpur,League-Match,ZIM,CAN,298.0,9.0,123.0,0.0,Tatenda Taibu,2011,India,played,Zimbabwe,WD Balaji Rao,4,RW Price,3,T Taibu,98,CR Ervine,85
2011-03-30, Mohali,Semi-Final,IND,PAK,260.0,9.0,231.0,0.0,Sachin Tendulkar,2011,India,played,India,Wahab Riaz,5,A Nehra,2,SR Tendulkar,85,Misbah-ul-Haq,56
NA, Colombo (RPS),League-Match,AUS,PAK,176.0,0.0,178.0,6.0,Umar Akmal,2011,Sri Lanka,played,Pakistan,B Lee,4,Umar Gul,3,Asad Shafiq,46,Umar Akmal,44
2011-03-07, Delhi,League-Match,KENYA,CAN,198.0,0.0,199.0,5.0,Henry Osinde,2011,India,played,Canada,H Osinde,4,Rizwan Cheema,2,AS Hansra,70,A Bagai,64
2011-03-10, Pallekele,League-Match,SL,ZIM,327.0,6.0,188.0,0.0,Tillakaratne Dilshan,2011,Sri Lanka,played,Sri Lanka,TM Dilshan,4,CB Mpofu,4,TM Dilshan,144,WU Tharanga,133
2011-02-27, Bengaluru,League-Match,IND,ENG,338.0,0.0,338.0,8.0,Andrew Strauss,2011,India,played,NA,TT Bresnan,5,Z Khan,3,AJ Strauss,158,SR Tendulkar,120
2011-03-15, Eden Gardens,League-Match,SA,IRE,272.0,7.0,141.0,0.0,Jean-Paul Duminy,2011,India,played,South Africa,RJ Peterson,3,M Morkel,3,JP Duminy,99,CA Ingram,46
NA, Wankhede,League-Match,SL,NZ,265.0,9.0,153.0,0.0,Kumar Sangakkara,2011,India,played,Sri Lanka,M Muralidaran,4,TG Southee,3,KC Sangakkara,111,DPMD Jayawardene,66
2011-03-09, Delhi,League-Match,NED,IND,189.0,0.0,191.0,5.0,Yuvraj Singh,2011,India,played,India,Z Khan,3,PM Seelaar,3,Yuvraj Singh,51,V Sehwag,39
2011-03-14, Chattogram,League-Match,NED,BAN,160.0,0.0,166.0,4.0,Imrul Kayes,2011,Bangladesh,played,Bangladesh,Abdur Razzak,3,TLW Cooper,2,Imrul Kayes,73,RN ten Doeschate,53
NA, Chattogram,League-Match,ENG,BAN,225.0,0.0,227.0,8.0,Imrul Kayes,2011,Bangladesh,played,Bangladesh,A Shahzad,3,Abdur Razzak,2,IJL Trott,67,EJG Morgan,63
2011-02-22, Nagpur,League-Match,NED,ENG,292.0,6.0,296.0,4.0,Ryan ten Doeschate,2011,India,played,England,GP Swann,2,RN ten Doeschate,2,RN ten Doeschate,119,AJ Strauss,88
NA, Mirpur,League-Match,BAN,WI,58.0,0.0,59.0,1.0,Kemar Roach,2011,Bangladesh,played,West Indies,SJ Benn,4,DJG Sammy,3,CH Gayle,37,Junaid Siddique,25
2011-03-05, Colombo (RPS),League-Match,SL,AUS,146.0,3.0,NA,NA,NA,2011,Sri Lanka,abandoned,NA,SW Tait,1,B Lee,1,KC Sangakkara,73,TT Samaraweera,34
2011-03-06, Chennai,League-Match,ENG,SA,171.0,0.0,165.0,0.0,Ravi Bopara,2011,India,played,England,SCJ Broad,4,Imran Tahir,4,RS Bopara,60,IJL Trott,52
NA, Mirpur,League-Match,BAN,IRE,205.0,0.0,178.0,0.0,Tamim Iqbal,2011,Bangladesh,played,Bangladesh,Shafiul Islam,4,AC Botha,3,Tamim Iqbal,44,"""NJ OBrien",38
2011-03-08, Pallekele,League-Match,NZ,PAK,302.0,7.0,192.0,0.0,Ross Taylor,2011,Sri Lanka,played,New Zealand,TG Southee,3,Umar Gul,3,LRPL Taylor,131,Abdul Razzaq,62
2011-03-04, Ahmedabad,League-Match,ZIM,NZ,162.0,0.0,166.0,0.0,Martin Guptill,2011,India,played,New Zealand,TG Southee,3,DL Vettori,2,MJ Guptill,86,BB McCullum,76
NA, Bengaluru,League-Match,IRE,IND,207.0,0.0,210.0,5.0,Yuvraj Singh,2011,India,played,India,Yuvraj Singh,5,Z Khan,3,WTS Porterfield,75,Yuvraj Singh,50
2011-02-23, Hambantota,League-Match,PAK,KENYA,317.0,7.0,112.0,0.0,Umar Akmal,2011,Sri Lanka,played,Pakistan,Shahid Afridi,5,TM Odoyo,3,Umar Akmal,71,Misbah-ul-Haq,65
2011-03-13, Wankhede,League-Match,NZ,CAN,358.0,6.0,261.0,9.0,Brendon McCullum,2011,India,played,New Zealand,JDP Oram,3,HS Baidwan,3,BB McCullum,101,A Bagai,84
NA, Hambantota,League-Match,SL,CAN,332.0,7.0,122.0,0.0,Mahela Jayawardene,2011,Sri Lanka,played,Sri Lanka,KMDN Kulasekara,3,NLTC Perera,3,DPMD Jayawardene,100,KC Sangakkara,92
NA, Pallekele,League-Match,ZIM,PAK,151.0,7.0,164.0,3.0,Umar Gul,2011,Sri Lanka,played,Pakistan,Umar Gul,3,RW Price,2,Asad Shafiq,78,CR Ervine,52
2011-02-26, Colombo (RPS),League-Match,PAK,SL,277.0,7.0,266.0,9.0,Shahid Afridi,2011,Sri Lanka,played,Pakistan,Shahid Afridi,4,Shoaib Akhtar,2,Misbah-ul-Haq,83,Younis Khan,72
2015-03-11, Hobart,League-Match,SL,SCOT,363.0,9.0,215.0,0.0,Kumar Sangakkara,2015,Australia,played,Sri Lanka,KMDN Kulasekara,3,PVD Chameera,3,KC Sangakkara,124,TM Dilshan,104
2015-02-24, Canberra,League-Match,WI,ZIM,372.0,2.0,289.0,0.0,Chris Gayle,2015,Australia,played,West Indies,JE Taylor,3,JO Holder,3,CH Gayle,215,MN Samuels,133
2015-03-24, Auckland,Semi-Final,SA,NZ,281.0,5.0,299.0,6.0,Grant Elliott,2015,New Zealand,played,NA,M Morkel,3,CJ Anderson,3,GD Elliott,84,F du Plessis,82
2015-03-18, Sydney,Final,SL,SA,133.0,0.0,134.0,1.0,Imran Tahir,2015,Australia,played,South Africa,Imran Tahir,4,JP Duminy,3,Q de Kock,78,KC Sangakkara,45
2015-03-19, Melbourne,Final,IND,BAN,302.0,6.0,193.0,0.0,Rohit Sharma,2015,Australia,played,India,UT Yadav,4,Taskin Ahmed,3,RG Sharma,137,SK Raina,65
NA, Melbourne,League-Match,IND,SA,307.0,7.0,177.0,0.0,Shikhar Dhawan,2015,Australia,played,India,R Ashwin,3,Mohammed Shami,2,S Dhawan,137,AM Rahane,79
2015-02-25, Brisbane,League-Match,UAE,IRE,278.0,9.0,279.0,8.0,Gary Wilson,2015,Australia,played,Ireland,Amjad Javed,3,PR Stirling,2,Shaiman Anwar,106,GC Wilson,80
2015-03-09, Adelaide,League-Match,BAN,ENG,275.0,7.0,260.0,0.0,Mahmudullah,2015,Australia,played,Bangladesh,Rubel Hossain,4,JM Anderson,2,Mahmudullah,103,Mushfiqur Rahim,89
2015-03-07, Auckland,League-Match,PAK,SA,222.0,0.0,202.0,0.0,Sarfaraz Ahmed,2015,New Zealand,played,Pakistan,DW Steyn,3,Rahat Ali,3,AB de Villiers,77,Misbah-ul-Haq,56
2015-03-29, Melbourne,Final,NZ,AUS,183.0,0.0,186.0,3.0,James Faulkner,2015,Australia,played,Australia,MG Johnson,3,JP Faulkner,3,GD Elliott,83,MJ Clarke,74
NA, Perth,League-Match,AUS,AFG,417.0,6.0,142.0,0.0,David Warner,2015,Australia,played,Australia,MG Johnson,4,MA Starc,2,DA Warner,178,SPD Smith,95
2015-02-17, Dunedin,League-Match,SCOT,NZ,142.0,0.0,146.0,7.0,Trent Boult,2015,New Zealand,played,New Zealand,DL Vettori,3,CJ Anderson,3,MW Machan,56,RD Berrington,50
2015-03-05, Nelson,League-Match,SCOT,BAN,318.0,8.0,322.0,4.0,Kyle Coetzer,2015,New Zealand,played,Bangladesh,Taskin Ahmed,3,Nasir Hossain,2,KJ Coetzer,156,Tamim Iqbal,95
2015-03-06, Perth,League-Match,WI,IND,182.0,0.0,185.0,6.0,Mohammed Shami,2015,Australia,played,India,Mohammed Shami,3,RA Jadeja,2,JO Holder,57,MS Dhoni,45
2015-03-15, Napier,League-Match,UAE,WI,175.0,0.0,176.0,4.0,Jason Holder,2015,New Zealand,played,West Indies,JO Holder,4,JE Taylor,3,Nasir Aziz,60,Amjad Javed,56
2015-02-20, Wellington,League-Match,ENG,NZ,123.0,0.0,125.0,2.0,Tim Southee,2015,New Zealand,played,New Zealand,TG Southee,7,CR Woakes,2,BB McCullum,77,JE Root,46
2015-02-14, Christchurch,League-Match,NZ,SL,331.0,6.0,233.0,0.0,Corey Anderson,2015,New Zealand,played,New Zealand,BMAJ Mendis,2,DL Vettori,2,CJ Anderson,75,BB McCullum,65
NA, Adelaide,League-Match,IND,PAK,300.0,7.0,224.0,0.0,Virat Kohli,2015,Australia,played,India,Sohail Khan,5,Mohammed Shami,4,V Kohli,107,Misbah-ul-Haq,76
NA, Adelaide,League-Match,IRE,PAK,237.0,0.0,241.0,3.0,Sarfaraz Ahmed,2015,Australia,played,Pakistan,Wahab Riaz,3,Sohail Khan,2,WTS Porterfield,107,Sarfaraz Ahmed,101
2015-03-20, Adelaide,Final,PAK,AUS,213.0,0.0,216.0,4.0,Josh Hazlewood,2015,Australia,played,Australia,JR Hazlewood,4,MA Starc,2,SPD Smith,65,SR Watson,64
NA, Melbourne,League-Match,AUS,ENG,342.0,9.0,231.0,0.0,Aaron Finch,2015,Australia,played,Australia,MR Marsh,5,ST Finn,5,AJ Finch,135,JWA Taylor,98
2015-03-21, Wellington,Final,NZ,WI,393.0,6.0,250.0,0.0,Martin Guptill,2015,New Zealand,played,New Zealand,TA Boult,4,JE Taylor,3,MJ Guptill,237,CH Gayle,61
2015-03-04, Napier,League-Match,PAK,UAE,339.0,6.0,210.0,8.0,Ahmed Shehzad,2015,New Zealand,played,Pakistan,AM Guruge,4,Shahid Afridi,2,Ahmed Shehzad,93,Haris Sohail,70
NA, Sydney,League-Match,AUS,SL,376.0,9.0,312.0,0.0,Glenn Maxwell,2015,Australia,played,Australia,JP Faulkner,3,MA Starc,2,KC Sangakkara,104,GJ Maxwell,102
2015-02-28, Auckland,League-Match,AUS,NZ,151.0,0.0,152.0,9.0,Trent Boult,2015,New Zealand,played,New Zealand,MA Starc,6,TA Boult,5,BB McCullum,50,KS Williamson,45
2015-03-29, Melbourne,Final,NZ,AUS,183.0,0.0,186.0,3.0,James Faulkner,2015,Australia,played,Australia,MG Johnson,3,JP Faulkner,3,GD Elliott,83,MJ Clarke,74
2015-02-21, Christchurch,League-Match,WI,PAK,310.0,6.0,160.0,0.0,Andre Russell,2015,New Zealand,played,West Indies,JE Taylor,3,AD Russell,3,Umar Akmal,59,D Ramdin,51
NA, Sydney,League-Match,AFG,ENG,111.0,7.0,101.0,1.0,Chris Jordan,2015,Australia,played,England,CJ Jordan,2,RS Bopara,2,IR Bell,52,AD Hales,37
NA, Perth,League-Match,UAE,IND,102.0,0.0,104.0,1.0,Ravichandran Ashwin,2015,Australia,played,India,R Ashwin,4,UT Yadav,2,RG Sharma,57,Shaiman Anwar,35
2015-02-27, Sydney,League-Match,SA,WI,408.0,5.0,151.0,0.0,AB de Villiers,2015,Australia,played,South Africa,Imran Tahir,5,M Morkel,2,AB de Villiers,162,HM Amla,65
2015-02-18, Canberra,League-Match,BAN,AFG,267.0,0.0,162.0,0.0,Mushfiqur Rahim,2015,Australia,played,Bangladesh,Mashrafe Mortaza,3,Shapoor Zadran,2,Mushfiqur Rahim,71,Shakib Al Hasan,63
2015-02-22, Dunedin,League-Match,AFG,SL,232.0,0.0,236.0,6.0,Mahela Jayawardene,2015,New Zealand,played,Sri Lanka,SL Malinga,3,Hamid Hassan,3,DPMD Jayawardene,100,Asghar Afghan,54
2015-03-13, Hamilton,League-Match,BAN,NZ,288.0,7.0,290.0,7.0,Martin Guptill,2015,New Zealand,played,New Zealand,Shakib Al Hasan,4,CJ Anderson,2,Mahmudullah,128,MJ Guptill,105
NA, Brisbane,League-Match,PAK,ZIM,235.0,7.0,215.0,0.0,Wahab Riaz,2015,Australia,played,Pakistan,Mohammad Irfan,4,Wahab Riaz,4,Misbah-ul-Haq,73,Wahab Riaz,54
NA, Hobart,League-Match,IRE,ZIM,331.0,8.0,326.0,0.0,Ed Joyce,2015,Australia,played,Ireland,AR Cusack,4,TL Chatara,3,BRM Taylor,121,EC Joyce,112
2015-02-23, Christchurch,League-Match,ENG,SCOT,303.0,8.0,184.0,0.0,Moeen Ali,2015,New Zealand,played,England,JH Davey,4,ST Finn,3,MM Ali,128,KJ Coetzer,71
2015-02-19, Nelson,League-Match,UAE,ZIM,285.0,7.0,286.0,6.0,Sean Williams,2015,New Zealand,played,Zimbabwe,TL Chatara,3,SF Mire,2,SC Williams,76,Shaiman Anwar,67
2015-03-03, Canberra,League-Match,SA,IRE,411.0,4.0,210.0,0.0,Hashim Amla,2015,Australia,played,South Africa,KJ Abbott,4,M Morkel,3,HM Amla,159,F du Plessis,109
2015-03-14, Auckland,League-Match,ZIM,IND,287.0,0.0,288.0,4.0,Suresh Raina,2015,New Zealand,played,India,UT Yadav,3,MM Sharma,3,BRM Taylor,138,SK Raina,110
2015-03-10, Hamilton,League-Match,IRE,IND,259.0,0.0,260.0,2.0,Shikhar Dhawan,2015,New Zealand,played,India,Mohammed Shami,3,R Ashwin,2,S Dhawan,100,"""NJ OBrien",75
2015-02-26, Dunedin,League-Match,SCOT,AFG,210.0,0.0,211.0,9.0,Samiullah Shinwari,2015,New Zealand,played,Afghanistan,Shapoor Zadran,4,RD Berrington,4,Samiullah Shinwari,96,Javed Ahmadi,51
2015-02-16, Nelson,League-Match,WI,IRE,304.0,7.0,307.0,6.0,Paul Stirling,2015,New Zealand,played,Ireland,GH Dockrell,3,JE Taylor,3,LMP Simmons,102,PR Stirling,92
2015-03-01, Wellington,League-Match,ENG,SL,309.0,6.0,312.0,1.0,Kumar Sangakkara,2015,New Zealand,played,Sri Lanka,TM Dilshan,1,AD Mathews,1,HDRL Thirimanne,139,JE Root,121
2015-03-08, Napier,League-Match,AFG,NZ,186.0,0.0,188.0,4.0,Daniel Vettori,2015,New Zealand,played,New Zealand,DL Vettori,4,TA Boult,3,MJ Guptill,57,Najibullah Zadran,56
2015-03-26, Sydney,Semi-Final,AUS,IND,328.0,7.0,233.0,0.0,Steven Smith,2015,Australia,played,Australia,UT Yadav,4,JP Faulkner,3,SPD Smith,105,AJ Finch,81
2015-02-15, Hamilton,League-Match,SA,ZIM,339.0,4.0,277.0,0.0,David Miller,2015,New Zealand,played,South Africa,Imran Tahir,3,VD Philander,2,DA Miller,138,JP Duminy,115
2015-03-12, Wellington,League-Match,SA,UAE,341.0,6.0,195.0,0.0,AB de Villiers,2015,New Zealand,played,South Africa,Mohammad Naveed,3,M Morkel,2,AB de Villiers,99,F Behardien,64
2015-03-21, Wellington,Final,NZ,WI,393.0,6.0,250.0,0.0,Martin Guptill,2015,New Zealand,played,New Zealand,TA Boult,4,JE Taylor,3,MJ Guptill,237,CH Gayle,61
NA, Brisbane,League-Match,Australia,Bangladesh,NA,NA,NA,NA,NA,2015,Australia,played,NA,NA,0,NA,0,NA,0,NA,0
NA, Melbourne,League-Match,SL,BAN,332.0,1.0,240.0,0.0,Tillakaratne Dilshan,2015,Australia,played,Sri Lanka,SL Malinga,3,TM Dilshan,2,TM Dilshan,161,KC Sangakkara,105
NA, Hobart,League-Match,SCOT,AUS,130.0,0.0,133.0,3.0,Mitchell Starc,2015,Australia,played,Australia,MA Starc,4,PJ Cummins,3,MJ Clarke,47,MW Machan,40
NA, Taunton,League-Match,AFG,NZ,172.0,0.0,173.0,3.0,James Neesham,2019,England,played,New Zealand,JDS Neesham,5,LH Ferguson,4,KS Williamson,79,Hashmatullah Shahidi,59
2019-06-02, The Oval,League-Match,BAN,SA,330.0,6.0,309.0,8.0,Shakib Al Hasan,2019,England,played,Bangladesh,Mustafizur Rahman,3,AL Phehlukwayo,2,Mushfiqur Rahim,78,Shakib Al Hasan,75
2019-06-08, Cardiff,League-Match,ENG,BAN,386.0,6.0,280.0,0.0,Jason Roy,2019,England,played,England,JC Archer,3,BA Stokes,3,JJ Roy,153,Shakib Al Hasan,121
2019-06-04, Cardiff,League-Match,SL,AFG,201.0,0.0,152.0,0.0,Nuwan Pradeep,2019,England,played,Sri Lanka,Mohammad Nabi,4,N Pradeep,4,MDKJ Perera,78,Najibullah Zadran,43
2019-06-24, Southampton,League-Match,BAN,AFG,262.0,7.0,200.0,0.0,Shakib Al Hasan,2019,England,played,Bangladesh,Shakib Al Hasan,5,Mujeeb Ur Rahman,3,Mushfiqur Rahim,83,Shakib Al Hasan,51
2019-06-22, Southampton,League-Match,IND,AFG,224.0,8.0,213.0,0.0,Jasprit Bumrah,2019,England,played,India,Mohammed Shami,4,YS Chahal,2,V Kohli,67,Mohammad Nabi,52
2019-06-18, Manchester,League-Match,ENG,AFG,397.0,6.0,247.0,8.0,Eoin Morgan,2019,England,played,England,JC Archer,3,AU Rashid,3,EJG Morgan,148,JM Bairstow,90
2019-07-03, Chester-le-Street,League-Match,ENG,NZ,305.0,8.0,186.0,0.0,Jonny Bairstow,2019,England,played,England,MA Wood,3,JDS Neesham,2,JM Bairstow,106,JJ Roy,60
2019-06-03, Nottingham,League-Match,PAK,ENG,348.0,8.0,334.0,9.0,Mohammad Hafeez,2019,England,played,Pakistan,MM Ali,3,Wahab Riaz,3,JE Root,107,JC Buttler,103
2019-06-07, Bristol,League-Match,Pakistan,Sri Lanka,NA,NA,NA,NA,NA,2019,England,played,NA,NA,0,NA,0,NA,0,NA,0
2019-07-14, Lord's,Final,NZ,ENG,241.0,8.0,241.0,0.0,Ben Stokes,2019,England,played,NA,CR Woakes,3,LE Plunkett,3,BA Stokes,84,JC Buttler,59
2019-06-13, Nottingham,League-Match,India,New Zealand,NA,NA,NA,NA,NA,2019,England,played,NA,NA,0,NA,0,NA,0,NA,0
2019-06-14, Southampton,League-Match,WI,ENG,212.0,0.0,213.0,2.0,Joe Root,2019,England,played,England,MA Wood,3,JC Archer,3,JE Root,100,N Pooran,63
2019-07-09, Manchester,League-Match,NZ,IND,239.0,8.0,221.0,0.0,Matt Henry,2019,England,played,New Zealand,MJ Henry,3,B Kumar,3,RA Jadeja,77,LRPL Taylor,74
2019-06-05, Southampton,League-Match,SA,IND,227.0,9.0,230.0,4.0,Rohit Sharma,2019,England,played,India,YS Chahal,4,JJ Bumrah,2,RG Sharma,122,CH Morris,42
2019-06-15, The Oval,League-Match,AUS,SL,334.0,7.0,247.0,0.0,Aaron Finch,2019,England,played,Australia,MA Starc,4,KW Richardson,3,AJ Finch,153,FDM Karunaratne,97
2019-06-16, Manchester,League-Match,IND,PAK,336.0,5.0,212.0,6.0,Rohit Sharma,2019,England,played,India,Mohammad Amir,3,Kuldeep Yadav,2,RG Sharma,140,V Kohli,77
NA, Cardiff,League-Match,AFG,SA,125.0,0.0,131.0,1.0,Imran Tahir,2019,England,played,South Africa,Imran Tahir,4,CH Morris,3,Q de Kock,68,HM Amla,41
2019-07-11, Birmingham,League-Match,AUS,ENG,223.0,0.0,226.0,2.0,Chris Woakes,2019,England,played,England,CR Woakes,3,AU Rashid,3,JJ Roy,85,SPD Smith,85
2019-05-30, The Oval,League-Match,ENG,SA,311.0,8.0,207.0,0.0,Ben Stokes,2019,England,played,England,JC Archer,3,L Ngidi,3,BA Stokes,89,Q de Kock,68
2019-06-12, Taunton,League-Match,AUS,PAK,307.0,0.0,266.0,0.0,David Warner,2019,England,played,Australia,Mohammad Amir,5,PJ Cummins,3,DA Warner,107,AJ Finch,82
2019-07-05, Lord's,League-Match,PAK,BAN,315.0,9.0,221.0,0.0,Shaheen Shah Afridi,2019,England,played,Pakistan,Shaheen Shah Afridi,6,Mustafizur Rahman,5,Imam-ul-Haq,100,Babar Azam,96
2019-07-04, Leeds,League-Match,WI,AFG,311.0,6.0,288.0,0.0,Shai Hope,2019,England,played,West Indies,CR Brathwaite,4,KAJ Roach,3,Ikram Alikhil,86,SD Hope,77
2019-06-30, Birmingham,League-Match,ENG,IND,337.0,7.0,306.0,5.0,Jonny Bairstow,2019,England,played,England,Mohammed Shami,5,LE Plunkett,3,JM Bairstow,111,RG Sharma,102
2019-07-06, Leeds,League-Match,SL,IND,264.0,7.0,265.0,3.0,Rohit Sharma,2019,England,played,India,JJ Bumrah,3,RA Jadeja,1,AD Mathews,113,KL Rahul,111
NA, The Oval,League-Match,BAN,NZ,244.0,0.0,248.0,8.0,Ross Taylor,2019,England,played,New Zealand,MJ Henry,4,Mosaddek Hossain,2,LRPL Taylor,82,Shakib Al Hasan,64
2019-07-14, Lord's,Final,NZ,ENG,241.0,8.0,241.0,0.0,Ben Stokes,2019,England,played,NA,CR Woakes,3,LE Plunkett,3,BA Stokes,84,JC Buttler,59
2019-06-26, Birmingham,League-Match,NZ,PAK,237.0,6.0,241.0,4.0,Babar Azam,2019,England,played,Pakistan,Shaheen Shah Afridi,3,Shadab Khan,1,Babar Azam,101,JDS Neesham,97
2019-06-27, Manchester,League-Match,IND,WI,268.0,7.0,143.0,0.0,Virat Kohli,2019,England,played,India,Mohammed Shami,4,KAJ Roach,3,V Kohli,72,MS Dhoni,56
2019-06-17, Taunton,League-Match,WI,BAN,321.0,8.0,322.0,3.0,Shakib Al Hasan,2019,England,played,Bangladesh,Mustafizur Rahman,3,Mohammad Saifuddin,3,Shakib Al Hasan,124,SD Hope,96
NA, Manchester,League-Match,SA,AUS,325.0,6.0,315.0,0.0,Faf du Plessis,2019,England,played,South Africa,K Rabada,3,D Pretorius,2,DA Warner,122,F du Plessis,100
2019-06-28, Chester-le-Street,League-Match,SL,SA,203.0,0.0,206.0,1.0,Dwaine Pretorius,2019,England,played,South Africa,D Pretorius,3,CH Morris,3,F du Plessis,96,HM Amla,80
NA, Lord's,League-Match,AUS,NZ,243.0,9.0,157.0,0.0,Alex Carey,2019,England,played,Australia,MA Starc,5,TA Boult,4,UT Khawaja,88,AT Carey,71
2019-06-01, Cardiff,League-Match,SL,NZ,136.0,0.0,137.0,0.0,Matt Henry,2019,England,played,New Zealand,LH Ferguson,3,MJ Henry,3,MJ Guptill,73,C Munro,58
2019-06-25, Lord's,League-Match,AUS,ENG,285.0,7.0,221.0,0.0,Aaron Finch,2019,England,played,Australia,JP Behrendorff,5,MA Starc,4,AJ Finch,100,BA Stokes,89
2019-06-06, Nottingham,League-Match,AUS,WI,288.0,0.0,273.0,9.0,Nathan Coulter-Nile,2019,England,played,Australia,MA Starc,5,CR Brathwaite,3,NM Coulter-Nile,92,SPD Smith,73
2019-06-11, Bristol,League-Match,Bangladesh,Sri Lanka,NA,NA,NA,NA,NA,2019,England,played,NA,NA,0,NA,0,NA,0,NA,0
2019-07-09, Manchester,League-Match,NZ,IND,239.0,8.0,221.0,0.0,Matt Henry,2019,England,played,New Zealand,MJ Henry,3,B Kumar,3,RA Jadeja,77,LRPL Taylor,74
2019-06-09, The Oval,League-Match,IND,AUS,352.0,5.0,316.0,0.0,Shikhar Dhawan,2019,England,played,India,B Kumar,3,JJ Bumrah,3,S Dhawan,117,V Kohli,82
2019-06-20, Nottingham,League-Match,AUS,BAN,381.0,5.0,333.0,8.0,David Warner,2019,England,played,Australia,Soumya Sarkar,3,MA Starc,2,DA Warner,166,Mushfiqur Rahim,102
2019-06-19, Birmingham,League-Match,SA,NZ,241.0,6.0,245.0,6.0,Kane Williamson,2019,England,played,New Zealand,CH Morris,3,LH Ferguson,3,KS Williamson,106,HE van der Dussen,67
NA, Bristol,League-Match,AFG,AUS,207.0,0.0,209.0,3.0,David Warner,2019,England,played,Australia,PJ Cummins,3,A Zampa,3,DA Warner,89,AJ Finch,66
2019-06-29, Leeds,League-Match,AFG,PAK,227.0,9.0,230.0,7.0,Imad Wasim,2019,England,played,Pakistan,Shaheen Shah Afridi,4,Mohammad Nabi,2,Imad Wasim,49,Babar Azam,45
2019-07-01, Chester-le-Street,League-Match,SL,WI,338.0,6.0,315.0,9.0,Avishka Fernando,2019,England,played,Sri Lanka,SL Malinga,3,JO Holder,2,N Pooran,118,WIA Fernando,104
2019-06-23, Lord's,League-Match,PAK,SA,308.0,7.0,259.0,9.0,Haris Sohail,2019,England,played,Pakistan,Wahab Riaz,3,Shadab Khan,3,Haris Sohail,89,Babar Azam,69
2019-06-21, Leeds,League-Match,SL,ENG,232.0,9.0,212.0,0.0,Lasith Malinga,2019,England,played,Sri Lanka,SL Malinga,4,DM de Silva,3,AD Mathews,85,BA Stokes,82
2019-06-10, Southampton,League-Match,SA,WI,29.0,2.0,NA,NA,NA,2019,England,abandoned,NA,SS Cottrell,2,O Thomas,0,Q de Kock,17,HM Amla,6
NA, Manchester,League-Match,NZ,WI,291.0,8.0,286.0,0.0,Kane Williamson,2019,England,played,New Zealand,TA Boult,4,SS Cottrell,4,KS Williamson,148,CR Brathwaite,101
2019-07-02, Birmingham,League-Match,IND,BAN,314.0,9.0,286.0,0.0,Rohit Sharma,2019,England,played,India,Mustafizur Rahman,5,JJ Bumrah,4,RG Sharma,104,KL Rahul,77
2019-05-31, Nottingham,League-Match,PAK,WI,105.0,0.0,108.0,3.0,Oshane Thomas,2019,England,played,West Indies,O Thomas,4,Mohammad Amir,3,CH Gayle,50,N Pooran,34
2023-10-05, Ahmedabad,League-Match,ENG,NZ,282.0,9.0,283.0,1.0,Rachin Ravindra,2023,India,played,New Zealand,MJ Henry,3,MJ Santner,2,DP Conway,152,R Ravindra,123
2023-11-04, Bengaluru,League-Match,NZ,PAK,401.0,6.0,200.0,1.0,Fakhar Zaman,2023,India,played,Pakistan,Mohammad Wasim,3,TG Southee,1,Fakhar Zaman,126,R Ravindra,108
2023-10-22, Dharamsala,League-Match,NZ,IND,273.0,0.0,274.0,6.0,Mohammed Shami,2023,India,played,India,Mohammed Shami,5,Kuldeep Yadav,2,DJ Mitchell,130,V Kohli,95
2023-10-17, Dharamsala,League-Match,NED,SA,245.0,8.0,207.0,0.0,Scott Edwards,2023,India,played,Netherlands,LV van Beek,3,M Jansen,2,SA Edwards,78,DA Miller,43
2023-10-25, Delhi,League-Match,AUS,NED,399.0,8.0,90.0,0.0,Glenn Maxwell,2023,India,played,Australia,A Zampa,4,LV van Beek,4,GJ Maxwell,106,DA Warner,104
2023-11-06, Delhi,League-Match,SL,BAN,279.0,0.0,282.0,7.0,Shakib Al Hasan,2023,India,played,Bangladesh,D Madushanka,3,Tanzim Hasan Sakib,3,KIC Asalanka,108,Najmul Hossain Shanto,90
2023-11-16, Eden Gardens,Semi-Final,SA,AUS,212.0,0.0,215.0,7.0,Travis Head,2023,India,played,NA,MA Starc,3,PJ Cummins,3,DA Miller,101,TM Head,62
2023-10-30, Pune,League-Match,SL,AFG,241.0,0.0,242.0,3.0,Fazalhaq Farooqi,2023,India,played,Afghanistan,Fazalhaq Farooqi,4,Mujeeb Ur Rahman,2,Azmatullah Omarzai,73,Rahmat Shah,62
2023-11-11, Pune,League-Match,BAN,AUS,306.0,8.0,307.0,2.0,Mitchell Marsh,2023,India,played,Australia,A Zampa,2,SA Abbott,2,MR Marsh,177,Towhid Hridoy,74
2023-11-05, Eden Gardens,League-Match,IND,SA,326.0,5.0,83.0,0.0,Virat Kohli,2023,India,played,India,RA Jadeja,5,Kuldeep Yadav,2,V Kohli,101,SS Iyer,77
NA, Eden Gardens,League-Match,ENG,PAK,337.0,9.0,244.0,0.0,David Willey,2023,India,played,England,DJ Willey,3,Haris Rauf,3,BA Stokes,84,JE Root,60
2023-11-10, Ahmedabad,League-Match,AFG,SA,244.0,0.0,247.0,5.0,Rassie van der Dussen,2023,India,played,South Africa,G Coetzee,4,KA Maharaj,2,Azmatullah Omarzai,97,HE van der Dussen,76
NA, Hyderabad,League-Match,SL,PAK,344.0,9.0,345.0,4.0,Mohammad Rizwan,2023,India,played,Pakistan,Hasan Ali,4,Haris Rauf,2,Mohammad Rizwan,131,BKG Mendis,122
2023-10-18, Chennai,League-Match,NZ,AFG,288.0,6.0,139.0,0.0,Glenn Phillips,2023,India,played,New Zealand,LH Ferguson,3,MJ Santner,3,GD Phillips,71,TWM Latham,68
NA, Ahmedabad,League-Match,AUS,ENG,286.0,0.0,253.0,0.0,Adam Zampa,2023,India,played,Australia,CR Woakes,4,A Zampa,3,M Labuschagne,71,BA Stokes,64
2023-10-07, Dharamsala,League-Match,AFG,BAN,156.0,0.0,158.0,4.0,Mehidy Hasan Miraz,2023,India,played,Bangladesh,Mehidy Hasan Miraz,3,Shakib Al Hasan,3,Najmul Hossain Shanto,59,Mehidy Hasan Miraz,57
2023-10-24, Wankhede,League-Match,SA,BAN,382.0,5.0,233.0,0.0,Quinton de Kock,2023,India,played,South Africa,G Coetzee,3,K Rabada,2,Q de Kock,174,Mahmudullah,111
2023-11-03, Lucknow,League-Match,NED,AFG,179.0,0.0,181.0,3.0,Mohammad Nabi,2023,India,played,Afghanistan,Mohammad Nabi,3,Noor Ahmad,2,SA Engelbrecht,58,Hashmatullah Shahidi,56
2023-11-01, Pune,League-Match,SA,NZ,357.0,4.0,167.0,0.0,Rassie van der Dussen,2023,India,played,South Africa,KA Maharaj,4,M Jansen,3,HE van der Dussen,133,Q de Kock,114
2023-10-11, Delhi,League-Match,AFG,IND,272.0,8.0,273.0,2.0,Rohit Sharma,2023,India,played,India,JJ Bumrah,4,HH Pandya,2,RG Sharma,131,Hashmatullah Shahidi,80
2023-11-19, Ahmedabad,Final,IND,AUS,240.0,0.0,241.0,4.0,Travis Head,2023,India,played,Australia,MA Starc,3,PJ Cummins,2,TM Head,137,KL Rahul,66
2023-10-19, Pune,League-Match,BAN,IND,256.0,8.0,261.0,3.0,Virat Kohli,2023,India,played,India,RA Jadeja,2,JJ Bumrah,2,V Kohli,103,Litton Das,66
2023-10-15, Delhi,League-Match,AFG,ENG,284.0,0.0,215.0,0.0,Mujeeb Ur Rahman,2023,India,played,Afghanistan,Rashid Khan,3,AU Rashid,3,Rahmanullah Gurbaz,80,HC Brook,66
2023-10-14, Ahmedabad,League-Match,PAK,IND,191.0,0.0,192.0,3.0,Jasprit Bumrah,2023,India,played,India,JJ Bumrah,2,Kuldeep Yadav,2,RG Sharma,86,SS Iyer,53
2023-10-31, Eden Gardens,League-Match,BAN,PAK,204.0,0.0,205.0,3.0,Fakhar Zaman,2023,India,played,Pakistan,Shaheen Shah Afridi,3,Mohammad Wasim,3,Fakhar Zaman,81,Abdullah Shafique,68
2023-10-27, Chennai,League-Match,PAK,SA,270.0,0.0,271.0,9.0,Tabraiz Shamsi,2023,India,played,South Africa,T Shamsi,4,Shaheen Shah Afridi,3,AK Markram,91,Saud Shakeel,52
NA, Eden Gardens,League-Match,NED,BAN,229.0,0.0,142.0,0.0,Paul van Meekeren,2023,India,played,Netherlands,PA van Meekeren,4,BFW de Leede,2,SA Edwards,68,W Barresi,41
2023-10-28, Dharamsala,League-Match,AUS,NZ,388.0,0.0,383.0,9.0,Travis Head,2023,India,played,Australia,GD Phillips,3,A Zampa,3,R Ravindra,116,TM Head,109
2023-10-12, Lucknow,League-Match,SA,AUS,311.0,7.0,177.0,0.0,Quinton de Kock,2023,India,played,South Africa,K Rabada,3,KA Maharaj,2,Q de Kock,109,AK Markram,56
NA, Delhi,League-Match,SA,SL,428.0,5.0,326.0,0.0,Aiden Markram,2023,India,played,South Africa,G Coetzee,3,KA Maharaj,2,HE van der Dussen,108,AK Markram,106
2023-11-08, Pune,League-Match,ENG,NED,339.0,9.0,179.0,0.0,Ben Stokes,2023,India,played,England,MM Ali,3,AU Rashid,3,BA Stokes,108,DJ Malan,87
2023-11-07, Wankhede,League-Match,AFG,AUS,291.0,5.0,293.0,7.0,Glenn Maxwell,2023,India,played,Australia,JR Hazlewood,2,Rashid Khan,2,GJ Maxwell,201,Ibrahim Zadran,129
2023-10-08, Chennai,League-Match,AUS,IND,199.0,0.0,201.0,4.0,KL Rahul,2023,India,played,India,RA Jadeja,3,JR Hazlewood,3,KL Rahul,97,V Kohli,85
2023-10-13, Chennai,League-Match,BAN,NZ,245.0,9.0,248.0,2.0,Lockie Ferguson,2023,India,played,New Zealand,LH Ferguson,3,TA Boult,2,DJ Mitchell,89,KS Williamson,78
2023-10-29, Lucknow,League-Match,IND,ENG,229.0,9.0,129.0,0.0,Rohit Sharma,2023,India,played,India,Mohammed Shami,4,DJ Willey,3,RG Sharma,87,SA Yadav,49
2023-11-02, Wankhede,League-Match,IND,SL,357.0,8.0,55.0,0.0,Mohammed Shami,2023,India,played,India,Mohammed Shami,5,D Madushanka,5,Shubman Gill,92,V Kohli,88
2023-10-26, Bengaluru,League-Match,ENG,SL,156.0,0.0,160.0,2.0,Lahiru Kumara,2023,India,played,Sri Lanka,CBRLS Kumara,3,AD Mathews,2,P Nissanka,77,S Samarawickrama,65
NA, Eden Gardens,League-Match,ENG,PAK,337.0,9.0,244.0,0.0,David Willey,2023,India,played,England,DJ Willey,3,Haris Rauf,3,BA Stokes,84,JE Root,60
2023-10-20, Bengaluru,League-Match,AUS,PAK,367.0,9.0,305.0,0.0,David Warner,2023,India,played,Australia,Shaheen Shah Afridi,5,A Zampa,4,DA Warner,163,MR Marsh,121
2023-10-16, Lucknow,League-Match,SL,AUS,209.0,0.0,215.0,5.0,Adam Zampa,2023,India,played,Australia,A Zampa,4,D Madushanka,3,MDKJ Perera,78,P Nissanka,61
2023-10-23, Chennai,League-Match,PAK,AFG,282.0,7.0,286.0,2.0,Ibrahim Zadran,2023,India,played,Afghanistan,Noor Ahmad,3,Naveen-ul-Haq,2,Ibrahim Zadran,87,Rahmat Shah,77
2023-11-10, Ahmedabad,League-Match,AFG,SA,244.0,0.0,247.0,5.0,Rassie van der Dussen,2023,India,played,South Africa,G Coetzee,4,KA Maharaj,2,Azmatullah Omarzai,97,HE van der Dussen,76
2023-10-09, Hyderabad,League-Match,NZ,NED,322.0,7.0,223.0,0.0,Mitchell Santner,2023,India,played,New Zealand,MJ Santner,5,MJ Henry,3,WA Young,70,CN Ackermann,69
2023-11-15, Wankhede,Semi-Final,IND,NZ,397.0,4.0,327.0,0.0,Mohammed Shami,2023,India,played,NA,Mohammed Shami,7,TG Southee,3,DJ Mitchell,134,V Kohli,117
NA, Wankhede,League-Match,SA,ENG,399.0,7.0,170.0,0.0,Heinrich Klaasen,2023,India,played,South Africa,G Coetzee,3,RJW Topley,3,H Klaasen,109,RR Hendricks,85
2023-10-21, Lucknow,League-Match,NED,SL,262.0,0.0,263.0,5.0,Sadeera Samarawickrama,2023,India,played,Sri Lanka,D Madushanka,4,CAK Rajitha,4,S Samarawickrama,91,SA Engelbrecht,70
2023-11-09, Bengaluru,League-Match,SL,NZ,171.0,0.0,172.0,5.0,Trent Boult,2023,India,played,New Zealand,TA Boult,3,MJ Santner,2,MDKJ Perera,51,DP Conway,45
2023-10-06, Hyderabad,League-Match,PAK,NED,286.0,0.0,205.0,0.0,Saud Shakeel,2023,India,played,Pakistan,BFW de Leede,4,Haris Rauf,3,Saud Shakeel,68,Mohammad Rizwan,68
2023-11-12, Bengaluru,League-Match,IND,NED,410.0,4.0,250.0,0.0,Shreyas Iyer,2023,India,played,India,JJ Bumrah,2,Kuldeep Yadav,2,SS Iyer,128,KL Rahul,102
2023-10-10, Dharamsala,League-Match,ENG,BAN,364.0,9.0,227.0,0.0,Dawid Malan,2023,India,played,England,RJW Topley,4,Mahedi Hasan,4,DJ Malan,140,JE Root,82
